edad,peso,talla,talla_sentado,envergadura,estatura_padre,estatura_madre,proyeccion_estatura_adulta_talla_diana,porcentaje_de_altura_adulta_proyectada,crecimiento_restante_cm,pico_veloc_crecimiento,indice_de_maduracion,indice_de_desarrollo_corporal_modificado_idcm,indice_de_rohrer,edad_morfologica,edad_osea,biacro,bilio,humer,femor,tibial_lateral,radial_estiloidea,acromial_radial,long_pie,long_mano,cbz,brrel,brflex,antebr,torax,cintura,pantmax,trc,ssc,ssp,abd,mmed,pant,imc,indice_muscular,iecto,icormico_porcentaje,irmi,indice_de_envergadura_frontal_estatura_ief_e_porcentaje,longitud_relativa_de_miembro_inferior,indice_constitucional_de_pignet,indice_biacromial,indice_acromio_iliaco,indice_braquial_ibb,indice_biacromial_biliocrestal,indice_crural,long_relativa_de_extremidad_superior_lres,longitud_relativa_de_miembro_superior,longitud_relativa_de_muslo,longitud_relativa_de_pierna,longitud_relativa_del_pie,longitud_relativa_de_la_mano,masa_piel_kg,masa_osea_kg,porcentaje_de_masa_osea,masa_adiposa_kg,porcentaje_de_masa_adiposa,masa_muscular_kg,porcentaje_de_masa_muscular,masa_kg,porcentaje_de_masa,peso_predictivo_total_kg,porcentaje_peso_predictivo,peso_ideal_deportista,masa_adiposa_ecuacion_yuhazs,indice_aks,peso_graso,endo,meso,ecto,hwr,area_total_brazo,area_total_muslo,area_total_pierna,musc_brazo,adip_brazo,musc_muslo,adip_muslo,musc_pierna,adip_pierna,total_antebr,porcentaje_grasa_del_brazo,fraccion_lipidica,masa_adiposa,masa_lipida_grasa,porcentaje_lipido_grasa_del_peso,rendimiento_clase,rendimiento_binario
17.660273972602738,51.3,159.0,89,161.0,172,159,180.155,0.8825733396242125,21.155,0.47696296154044915,17.18331101106229,0.9949843289426842,3.2264150943396226,18.35272281687276,19.54564979996949,37.5,25.5,6.3,9.0,35.5,25.5,27.0,25.5,15.5,55.0,26.0,29.0,24.0,85.0,66.0,33.0,8,7,6,12,15,10,20.29191883232467,-5.0,2.7845544688548998,55.9748427672956,78.65168539325843,101.25786163522012,84.79532163742691,22.69999999999999,23.58490566037736,68.0,16.352201257861633,1.4705882352941178,81.60919540229885,27.044025157232703,62.24842767295598,27.358490566037737,22.32704402515723,16.037735849056602,9.748427672955975,2.956172247175704,5.731225510405275,11.17197955244693,13.42770081981376,26.174855399247097,25.921978945735283,50.53017338349958,5.455509487650293,10.634521418421624,53.49258701078031,104.27404875395774,56.75,8.211,0.9421722276874904,13.42770081981376,2.2155179403381404,4.375,2.747525169826865,42.79716553255036,53.79437076506063,215.1774830602425,86.65986651353701,43.89702558963499,9.897345175425635,177.94462892788678,37.232854132355726,70.94526467693446,15.714601836602554,45.83662361046586,18.3984774515737,0.651568206950664,13.427700819813762,8.749062946636013,0.17054703599680338,En desarrollo,0
19.076712328767123,69.7,176.0,89,178.0,175,164,184.195,0.955509107196178,8.194999999999993,1.368848027895392,17.70786430087173,1.1280227346978307,3.960227272727273,20.873828501659414,22.230627354267273,43.0,27.5,6.5,9.5,41.2,28.2,32.5,26.5,18.0,56.0,30.0,33.0,27.0,98.0,75.0,34.0,5,10,7,12,7,7,22.501291322314053,-9.0,2.7692556696160047,50.56818181818182,97.75280898876404,101.13636363636364,69.58393113342898,8.300000000000011,24.431818181818183,63.95348837209303,17.045454545454543,1.5636363636363637,84.94845360824742,27.556818181818183,70.92727272727274,27.556818181818183,23.40909090909091,15.056818181818182,10.227272727272727,3.624829261473023,7.475281661642054,10.724937821581138,15.297816231753687,21.948086415715476,35.343281567296074,50.70772104346639,7.313153209521613,10.492328851537465,69.05436193168646,99.07369000241958,69.5,7.2410000000000005,0.9978800260364019,15.29781623175369,2.07420335798001,3.6377999999999986,2.7293653141416563,42.772356986532316,71.6197243913529,240.7218514264917,91.99155710711551,64.31607393220226,7.303650459150646,221.85669652655645,18.86515489993525,80.47640220718027,11.51515489993524,58.01197675699585,10.19781983415795,0.5991562715548719,15.297816231753687,9.16578253634914,0.13150333624604216,En desarrollo,0
16.87945205479452,51.9,154.0,89,156.0,175,150,177.125,0.8694424841213833,23.125,0.1170459223981486,16.76240613239637,1.0453474561477483,3.37012987012987,18.628053982420045,19.838877491277348,36.5,25.0,6.2,8.5,35.8,24.5,29.0,24.0,15.5,54.0,29.0,32.0,25.0,88.0,69.0,36.0,6,9,6,10,6,7,21.88396019564851,-5.0,1.6808464416947402,57.79220779220779,73.03370786516854,101.29870129870129,78.9980732177264,14.099999999999994,23.7012987012987,68.4931506849315,18.83116883116883,1.46,87.3170731707317,29.22077922077922,63.564935064935064,26.623376623376622,23.246753246753244,15.584415584415584,10.064935064935066,2.9027898100628375,5.257477213390038,10.130013898632058,10.523736597030252,20.27694912722592,27.998151996759734,53.94634296100141,6.105684790305254,11.76432522216812,52.78784040754811,101.71067515905226,53.0,6.853,1.132893553230811,10.523736597030252,2.3003357754781795,5.776600000000002,1.645014753662494,41.291003761834006,66.92465357014198,198.94367886486918,103.13240312354819,58.50739690896507,8.417256661176914,184.2264222036923,14.71725666117689,90.91724822361294,12.215154899935243,49.735919716217296,12.577213645723257,0.5784341691776014,10.52373659703025,6.087288835147111,0.11728880221863412,En desarrollo,0
17.567123287671233,76.9,157.4,89,159.4,172,149,175.105,0.89888923788584,17.704999999999984,0.8089935222899505,16.758129765381284,1.187988984434158,4.885641677255401,20.902672089896157,22.261345775739407,38.0,30.2,6.5,9.2,37.0,25.3,28.0,23.0,15.5,56.0,33.0,36.0,26.0,96.0,90.0,41.0,30,24,21,31,40,31,31.039654874557815,8.0,-0.48782809040366004,56.5438373570521,76.85393258426967,101.27064803049555,56.5669700910273,-15.5,24.142312579415503,79.47368421052632,20.96569250317662,1.2582781456953642,85.05747126436782,27.95425667090216,63.14752223634053,27.63659466327827,23.506988564167724,14.612452350698856,9.847522236340533,0.0,7.052900410152413,9.171521989795075,30.227875267739385,39.30803025713834,39.53353056312558,51.40901243579399,9.588766768813981,12.469137540720391,86.40307300983136,112.3577022234478,55.55000000000001,20.809,1.1968600981420148,30.227875267739385,7.3230331266913335,6.728699999999996,-1.4820423298361405,37.01906785541511,86.65986651353701,367.96622842846205,133.76972966873802,44.22844998411405,42.43141652942296,244.5325990428212,123.43362938564084,77.76740601898751,56.00232364975051,53.79437076506063,48.96316857676536,0.8144195751885155,30.22787526773939,24.618173334403746,0.3201322930351592,En desarrollo,0
16.975342465753425,62.6,170.4,89,172.4,185,163,188.74,0.902829288968952,18.340000000000003,0.2568489919043042,16.718493473849122,0.9348384156858207,3.673708920187793,17.189966037364588,18.307313829793284,36.0,28.5,6.5,9.0,41.8,29.0,31.2,26.3,17.5,57.0,26.0,29.0,23.5,84.0,68.0,35.0,17,16,16,22,18,16,21.5593246489894,-2.0,2.8772981467124623,52.23004694835681,91.46067415730337,101.1737089201878,82.26837060702876,23.80000000000001,21.12676056338028,79.16666666666666,15.258215962441312,1.263157894736842,81.16504854368932,27.699530516431924,70.46995305164319,30.22300469483568,24.53051643192488,15.434272300469482,10.269953051643192,0.0,5.841843533752254,9.332018424524366,23.750465631144053,37.94004094431957,28.52357127964043,45.564810350863304,5.486470216348149,8.7643294190865,63.60235066088488,101.60119913879373,65.30000000000001,13.825000000000001,0.7851941343805187,23.750465631144053,4.918125137977954,3.109400000000001,2.838282923628043,42.921151535010985,53.79437076506063,267.69861428056794,97.4824026437859,33.96417145727925,19.830199307781378,218.04330432997565,49.65530995059228,71.49302194208337,25.98938070170253,43.9466586612496,36.86296358848957,0.7974565077095627,23.750465631144053,18.93996337868813,0.30255532553814907,En desarrollo,0
19.46027397260274,101.0,172.5,89,174.5,185,170,192.275,0.8971525159277077,19.775000000000006,1.9878365306134589,17.47243744198928,1.2094358302877546,5.855072463768116,22.167470141028346,23.608355700195187,37.5,33.0,6.5,9.5,39.0,28.0,33.0,26.5,17.5,58.0,34.0,37.0,28.0,104.0,95.0,41.0,30,35,24,27,28,33,33.94244906532241,5.0,-0.4736424110077415,51.594202898550726,93.82022471910112,101.15942028985508,55.445544554455445,-32.5,21.73913043478261,88.0,19.710144927536234,1.1363636363636365,69.64285714285714,28.405797101449277,71.14492753623189,32.46376811594203,22.608695652173914,15.36231884057971,10.144927536231885,0.0,7.564646837802151,7.489749344358565,36.855141772467334,36.49023937868053,49.672335142520986,49.18052984408018,11.028440653264253,10.919248171548766,105.12056440605473,104.07976673866804,66.875,20.809,1.2496677188637422,36.855141772467334,7.7273144589373155,5.0867,-1.4618619921528975,37.04663662274194,91.99155710711551,459.6394756493938,133.76972966873802,48.06014057769254,43.93141652942297,359.3969972504298,100.24247839896395,74.67271566813623,59.09701400060179,62.38873769202297,47.755922294335086,0.7794789682956386,36.855141772467334,28.72780788519233,0.28443374143754785,En desarrollo,0
18.832876712328765,49.0,172.2,89,174.2,180,172,190.76,0.902704969595303,18.560000000000002,0.9875609920882054,17.84531572024056,0.8611515108165019,2.845528455284553,17.155833374524395,18.270962543868478,39.5,25.0,6.5,9.0,40.5,27.5,32.0,26.0,17.0,52.0,22.0,25.0,22.0,83.0,64.0,31.0,4,8,5,8,5,5,16.524555489457335,-5.0,5.911249966228162,51.68408826945413,93.48314606741572,101.16144018583041,103.06122448979592,40.19999999999999,22.93844367015099,63.29113924050633,12.775842044134727,1.58,80.1980198019802,27.87456445993032,69.37224157955865,29.326364692218352,23.519163763066203,15.098722415795587,9.872241579558654,3.0716682298363533,5.769258062049865,11.773996044999723,12.268427922875507,25.037608005868382,20.53489605199929,41.90795112652916,4.371883983225355,8.92221221066399,46.016134249986365,93.91047806119667,66.64999999999998,5.98,0.7193497131994657,12.268427922875508,1.5342667671775185,1.8991000000000007,5.871003341676889,47.06421221540558,38.515496228238675,175.7866346449984,76.47395015565571,34.24115993438227,4.274336293856408,164.23298418584776,11.553650459150646,68.92029969650507,7.553650459150646,38.515496228238675,11.097705371695465,0.637466339272768,12.268427922875508,7.820709836627259,0.15960632319647466,En desarrollo,0
18.997260273972604,56.9,161.2,89,163.2,158,156,171.57,0.9395581978201317,10.370000000000005,1.2103176347177005,17.786942639254903,0.9575999785264363,3.5297766749379655,18.538853428211073,19.74387890104479,37.5,25.0,5.8,9.0,38.0,25.8,28.5,25.0,16.5,50.0,26.0,29.0,23.5,83.0,66.0,34.0,24,12,13,24,27,17,21.8968776360916,-3.0,2.1401784276596985,55.21091811414392,81.12359550561796,101.24069478908189,86.99472759226714,21.299999999999983,23.26302729528536,66.66666666666666,16.12903225806452,1.5,76.76767676767676,27.60545905707196,64.53573200992555,30.70719602977668,23.573200992555833,15.508684863523575,10.23573200992556,0.0,5.34192940471982,9.38827663395399,22.773313412781384,40.0233979134998,28.304607241583433,49.74447669874066,5.145902200671738,9.043764851795673,61.56575225975638,108.19991609799011,58.39999999999999,14.989,0.8147024298490393,22.773313412781384,5.161918714552361,3.4053000000000004,2.1029562019326455,41.91660683324132,53.79437076506063,291.27344022605496,91.99155710711551,27.118264186229926,26.6761065788307,215.3239928372224,75.94944738883257,65.36135779933413,26.630199307781382,43.9466586612496,49.58902985469401,0.8232901341273975,22.773313412781384,18.749044254134045,0.32950868636439445,En desarrollo,0
23.465753424657535,87.5,174.0,89,176.0,178,162,184.7,0.9420682187330808,10.699999999999989,3.780104467170525,19.68564895748701,1.2568934955079931,5.028735632183908,24.871508740737866,26.488156808885826,41.0,31.0,7.0,10.0,38.5,27.5,32.5,24.0,15.5,58.5,32.0,35.0,29.0,105.0,92.0,37.0,27,27,16,35,30,22,28.900779495309816,1.0,0.5236247990151384,51.14942528735632,95.50561797752809,101.14942528735634,55.42857142857143,-18.5,23.563218390804597,75.60975609756098,18.39080459770115,1.3225806451612903,79.38144329896907,27.873563218390807,68.9080459770115,27.873563218390803,22.126436781609197,13.793103448275861,8.908045977011493,3.959757296282959,8.44932480860996,9.656371209839955,34.03869934488512,38.901370679868705,45.478214090944626,51.975101818222434,9.24819875313757,10.569370003585794,101.17419429386023,115.62765062155455,68.0,17.814,1.0148264445096469,34.03869934488512,6.477770935687106,4.833199999999998,0.1138646418097089,39.19926863635206,81.48733086305042,367.96622842846205,108.94155854640236,44.01288347421782,37.474447388832594,273.0348118990391,94.93141652942296,72.042885657246,36.89867288915636,66.92465357014198,45.98806586488035,0.8093769964303719,34.03869934488512,27.55014023815958,0.31485874557896665,En desarrollo,0
23.4,62.0,167.5,89,169.5,170,152,175.61,0.9538181196970559,8.110000000000014,3.4343545895522376,19.96564541044776,0.8935290986856761,3.701492537313433,19.946467138678276,21.242987502692362,38.5,26.0,6.0,8.5,38.8,27.0,32.0,24.8,16.0,53.0,25.5,28.5,22.0,88.0,70.0,35.0,13,10,7,10,8,14,22.09846290933393,-4.0,2.4412618657831153,53.134328358208954,88.20224719101124,101.19402985074626,86.29032258064517,17.5,22.98507462686567,67.53246753246754,15.223880597014924,1.4807692307692308,72.5233644859813,28.65671641791045,68.55223880597015,31.940298507462686,23.164179104477608,14.805970149253731,9.552238805970148,0.0,5.457367459548853,8.802205579917503,15.844880821814934,25.55625939002409,29.508411189913183,47.59421159663416,5.842518596373484,9.423417090924975,56.65317806765046,91.37609365750072,63.125,9.654,0.982144621314405,15.844880821814934,3.1123509132288008,2.7731999999999957,2.4028769586831302,42.32633464300974,51.74525087275247,277.00917845144386,97.4824026437859,36.497573768894156,15.247677103858315,253.9118332760182,23.09734517542566,74.5217830440449,22.96061959974101,38.515496228238675,29.466814532127998,0.6438976164362987,15.844880821814934,10.202480993883858,0.16455614506264288,En desarrollo,0
20.572602739726026,59.2,160.0,89,162.0,160,155,172.075,0.929827110271684,12.074999999999989,2.026223208219178,18.546379531506847,1.05633578125,3.7,20.680153023274613,22.02436296978746,36.5,28.0,6.5,9.5,35.8,25.2,28.5,24.0,14.0,53.0,28.5,31.5,25.0,89.0,78.0,33.0,20,17,13,27,28,21,23.124999999999996,3.0,1.5117839722835527,55.625,79.7752808988764,101.25,71.79054054054053,11.800000000000011,22.8125,76.71232876712328,17.8125,1.3035714285714286,84.23529411764704,27.8125,62.45,26.5625,22.374999999999996,15.0,8.75,3.1560265857030374,6.353685613829569,10.732577050387784,23.735687208410763,40.094066230423586,30.633250047570616,51.7453548100855,7.2357513877769755,12.22255301989354,71.11440084329095,120.12567710015365,57.5,14.806999999999999,0.8658279490134091,23.735687208410763,5.2857660082813975,4.7834,1.4749658518275197,41.05869651889005,64.63680126319599,277.00917845144386,86.65986651353701,39.27839391678579,25.358407346410203,200.56670005247986,76.442478398964,55.47347241411975,31.186394099417264,49.735919716217296,39.23215080392477,0.8241664212572525,23.735687208410763,19.562156382637443,0.33044183078779465,En desarrollo,0
23.008219178082193,79.2,174.4,89,176.4,176,164,184.7,0.9442338927991338,10.299999999999983,3.442816322855349,19.565402855226843,1.2002062126504502,4.541284403669724,23.872553574843092,25.424269557207893,42.0,29.5,7.0,9.5,40.0,28.3,32.5,27.0,17.3,54.0,33.0,36.0,28.0,104.0,84.5,38.0,9,12,12,18,7,7,26.039474791684203,-5.5,1.1902222017032997,51.03211009174312,95.95505617977528,101.1467889908257,59.974747474747474,-8.799999999999983,24.08256880733945,70.23809523809523,18.922018348623855,1.423728813559322,84.21052631578948,27.809633027522935,70.7197247706422,27.23623853211009,22.93577981651376,15.481651376146788,9.919724770642201,3.801861929882543,8.047346478436424,10.160791008126797,17.963551655425498,22.68125209018371,43.26145583630985,54.62305029837102,9.480404218371488,11.970207346428646,82.5546201184258,104.23563146265883,68.30000000000001,8.89,1.1544378366526646,17.963551655425498,3.2958670706984163,5.4091999999999985,1.151201385246953,40.61639533503682,86.65986651353701,305.89580062262286,114.90986891234844,72.44603902588894,14.213827487648075,284.5806457226876,21.315154899935237,101.99471401241318,12.91515489993526,62.38873769202297,16.40185712197901,0.608247525918278,17.963551655425498,10.926285851117747,0.13795815468583014,En desarrollo,0
22.22739726027397,66.3,172.0,89,174.0,173,163,182.68,0.9415371140792642,10.680000000000007,2.8962032382924487,19.331194021981524,1.0904785089913467,3.854651162790698,21.99295009337708,23.422491849446587,40.0,26.5,6.5,9.8,39.5,26.8,30.0,24.5,16.5,54.0,31.0,34.0,27.0,96.0,74.0,36.0,7,7,6,7,5,5,22.410762574364522,-8.0,2.571253214450884,51.74418604651163,93.25842696629213,101.16279069767442,70.88989441930619,9.699999999999989,23.25581395348837,66.25,18.023255813953487,1.509433962264151,84.04255319148936,26.744186046511626,66.39302325581394,27.325581395348838,22.96511627906977,14.244186046511627,9.593023255813954,3.489942838604816,6.7021922876915285,10.10888731175193,12.57624807530692,18.968699962755533,35.79270779885602,53.98598461365916,7.2357513877769755,10.913652168592725,65.79684238823626,99.24108957501699,66.5,6.1739999999999995,1.0557983873411514,12.57624807530692,1.897666828937334,4.846700000000002,2.532081582153552,42.5028436914666,76.47395015565571,249.55495076809189,103.13240312354819,66.00879525572047,10.465154899935243,235.75130030894124,13.803650459150646,94.32875266439754,8.803650459150646,58.01197675699585,13.684600937488359,0.5622118795381686,12.576248075306918,7.070516067956578,0.10664428458456376,Alto rendimiento,1
18.956164383561642,78.7,172.0,89,174.0,176,168,186.72,0.921165381319623,14.719999999999999,1.4447415489646376,17.511422834597006,1.309424946254732,4.575581395348837,23.25347473021545,24.764950587679454,44.5,30.0,7.5,10.5,40.0,27.5,32.0,27.5,17.8,57.0,31.0,34.0,29.0,104.0,85.0,36.0,14,17,16,30,27,16,26.602217414818824,-5.0,0.9601490761400377,51.74418604651163,93.25842696629213,101.16279069767442,60.99110546378653,-10.699999999999989,25.872093023255815,67.41573033707866,18.023255813953487,1.4833333333333334,83.33333333333333,27.906976744186046,69.84883720930233,27.906976744186046,23.25581395348837,15.988372093023257,10.348837209302326,3.7537411857922285,9.629863456242681,12.236167034615859,26.832960350404708,34.095248221607,41.36860021692886,52.56493038999855,9.24819875313757,11.751205531305681,90.83336396250606,115.41723502224403,66.5,14.225000000000001,1.019309613650278,26.83296035040471,4.699625687039017,5.816699999999997,0.8040158548072185,40.14209816230494,76.47395015565571,296.10777162247126,103.13240312354819,56.31333055591471,20.160619599741004,219.4833242336387,76.62444738883255,76.34302242184565,26.78938070170254,66.92465357014198,26.362728169142446,0.7497810779479268,26.83296035040471,20.118845936060424,0.25563971964498633,Alto rendimiento,1
20.252054794520546,54.2,172.0,89,174.0,170,160,179.65,0.9574172001113276,7.650000000000006,1.7587158760114672,18.493338918509078,0.9279159971606274,3.1511627906976747,18.78625831503485,20.007365105512115,41.2,25.2,6.5,8.7,40.0,27.5,30.5,25.5,16.5,53.0,25.0,28.0,23.0,87.0,69.0,33.0,5,7,3,7,6,5,18.320713899405085,-4.0,4.733308416045112,51.74418604651163,93.25842696629213,101.16279069767442,90.40590405904058,30.80000000000001,23.953488372093023,61.165048543689316,14.534883720930234,1.634920634920635,81.63265306122449,27.03488372093023,67.59302325581396,28.488372093023255,23.25581395348837,14.825581395348838,9.593023255813954,3.203500240720167,6.111521788773316,11.275870458991358,11.889177604217869,21.93575203730234,24.826786043312797,45.80587830869519,5.53291130939493,10.208323449068136,51.56389698641908,95.13634130335623,66.5,5.786,0.8315074143586048,11.889177604217869,1.2900669594530703,2.612199999999998,4.69342948123937,45.45550475579149,49.735919716217296,187.18610744395542,86.65986651353701,43.68226925706665,6.053650459150646,172.91885078277852,14.267256661176901,78.60621605438637,8.053650459150646,42.096482447806316,12.171586438315614,0.5990033252625491,11.889177604217869,7.12165691956353,0.13139588412478836,En desarrollo,0
21.827397260273973,60.0,153.6,89,155.6,165,150,172.075,0.8926340258608165,18.474999999999994,2.6847264117808214,19.14267084849315,1.0334976623535157,3.90625,21.019708011039224,22.385989031756772,38.5,27.0,6.0,9.2,35.5,25.0,28.0,24.5,16.0,54.0,28.0,31.0,23.0,93.0,78.5,35.0,22,22,19,26,23,20,25.431315104166664,-0.5,0.5406341884462016,57.942708333333336,72.58426966292134,101.30208333333333,77.5,0.5999999999999943,25.065104166666668,70.12987012987013,18.229166666666668,1.4259259259259258,76.34408602150538,28.645833333333336,63.41666666666667,30.2734375,23.111979166666668,15.950520833333334,10.416666666666668,0.0,6.289002426437199,10.481670710728666,22.512109824122952,37.52018304020492,30.92059058194524,51.5343176365754,8.86118964441438,14.768649407357298,68.58289247691977,114.30482079486629,52.69999999999999,16.444,1.0344686932000033,22.512109824122955,6.572916140369099,5.218999999999998,0.14397135805143435,39.24039803012491,62.38873769202297,277.00917845144386,97.4824026437859,35.390064802866625,26.998672889156346,213.31393473581636,63.6952437156275,65.62399529737569,31.858407346410218,42.096482447806316,43.27491449247321,0.792250269698541,22.512109824122952,17.835225079644584,0.2972537513274097,En desarrollo,0
17.583561643835615,65.9,182.0,89,184.0,167,168,182.175,0.9990393852065321,0.17500000000001137,0.5614821794370003,17.022079464398615,0.9458052200821158,3.6208791208791213,17.65118470952098,18.798511715639844,38.0,27.8,7.5,10.0,44.0,29.5,34.0,28.5,18.5,55.0,24.0,27.0,25.0,87.0,69.0,35.0,7,8,7,12,10,10,19.894940224610554,-4.0,4.448863180834252,48.9010989010989,104.49438202247192,101.0989010989011,79.66616084977238,29.099999999999994,20.87912087912088,73.15789473684211,13.186813186813188,1.3669064748201438,83.80952380952381,27.472527472527474,73.66483516483517,28.846153846153847,24.175824175824175,15.659340659340659,10.164835164835164,3.626561090397936,6.77256672459101,10.277036000896826,17.755528441170412,26.943138757466482,28.54496700958249,43.315579680701795,5.997322239862761,9.100640728168074,62.69694550560461,95.13952277026495,74.0,7.823,0.7986054326471824,17.755528441170412,1.9911109456039808,2.9574,4.407390404879152,45.064740990272064,45.83662361046586,249.55495076809189,97.4824026437859,37.82146871053062,8.01515489993524,222.3403489314893,27.214601836602583,80.76780080718335,16.714601836602554,49.735919716217296,17.486355382653322,0.6610949205925845,17.755528441170416,11.73808966489493,0.1781197217738229,Alto rendimiento,1
12.027397260273972,79.7,184.1,89,186.1,180,178,193.79,0.9499974198875071,9.689999999999998,-2.0192050694793626,14.046602329753334,1.1080120569229874,4.329168929929387,16.969843922020512,18.072883776951844,42.5,29.8,7.0,10.5,41.0,29.0,34.5,27.5,17.5,55.0,31.0,34.0,27.0,97.0,84.0,38.0,11,10,7,15,15,10,23.515311949643596,1.0,2.780230674530223,48.34329168929929,106.85393258426966,101.08636610537751,65.87202007528231,7.400000000000006,23.085279739272135,70.11764705882354,16.838674633351438,1.4261744966442953,78.0952380952381,27.430744160782183,73.00570342205323,28.517110266159698,22.270505160239,14.937533948940793,9.505703422053232,3.9646122947327536,8.579931965805057,10.765284775163183,21.009639582379442,26.360902863713225,40.77920140410579,51.16587378181404,12.034664335944553,15.099955252126165,86.3680495829676,108.36643611413751,75.57499999999999,9.181000000000001,0.9406009456001576,21.009639582379442,2.6061343892592683,4.2776,2.739066651277252,42.78561017934051,76.47395015565571,315.8429845658663,114.90986891234844,60.37428193336664,16.099668222289075,270.36013043351056,45.482854132355726,96.69526707574586,18.214601836602583,58.01197675699585,21.052486748127535,0.6538751955100439,21.009639582379442,13.737682189523916,0.17236740513831764,Alto rendimiento,1
20.21095890410959,76.9,180.0,89,182.0,176,164,184.7,0.9745533297238766,4.699999999999989,2.006490010045662,18.204468894063925,1.1371304799382718,4.272222222222223,21.581242662263996,22.984023435311155,42.5,27.5,7.0,10.0,41.0,28.0,33.0,27.0,18.0,55.0,31.0,34.0,28.0,103.0,79.0,39.0,6,10,5,12,6,6,23.73456790123457,-10.0,2.4491668721532385,49.44444444444444,102.24719101123596,101.11111111111111,67.62028608582574,0.09999999999999432,23.61111111111111,64.70588235294117,17.22222222222222,1.5454545454545454,78.84615384615384,27.22222222222222,71.0,28.88888888888889,22.77777777777778,15.0,10.0,3.8415651314480734,7.763314649901844,10.095337646166247,15.595162072261903,20.279794632330173,42.471487492498134,55.22950259102488,11.492851583732083,14.945190616036518,81.16438092984205,105.54535881643957,72.5,6.95,1.05118034855518,15.595162072261903,1.905568529281229,4.833600000000001,2.4087698896410075,42.33438509513799,76.47395015565571,286.4788975654116,121.0373342213864,67.45669349447878,9.01725666117693,268.76164090423475,17.71725666117686,109.62007756020951,11.417256661176893,62.38873769202297,11.791278785551329,0.5784694534408942,15.595162072261903,9.021324880263506,0.11731241716857614,Alto rendimiento,1
22.364383561643837,87.1,189.0,89,191.0,205,166,200.355,0.9433255970652094,11.35499999999999,3.160345868145251,19.204037693498584,1.1269785565913608,4.608465608465608,22.554896421092888,24.020964688463923,42.0,29.5,7.5,10.0,44.0,30.0,34.0,29.0,19.5,58.0,32.0,35.0,28.5,99.0,78.0,39.0,15,14,8,22,15,10,24.38341591780745,-7.0,2.676967386956896,47.08994708994709,112.35955056179776,101.05820105820106,61.423650975889785,2.9000000000000057,22.22222222222222,70.23809523809523,16.93121693121693,1.423728813559322,82.24299065420561,26.455026455026452,74.31746031746032,28.306878306878307,23.280423280423282,15.343915343915343,10.317460317460318,4.196231736728753,8.149771065557408,9.356798008676703,25.675286418786584,29.477940779318693,45.32848883966837,52.04189304209917,8.087171426967995,9.284927011444312,91.43694948770911,104.97927610529176,79.25,10.733,0.9098247097132911,25.67528641878658,3.412917252868061,4.038000000000004,2.6351074464316184,42.64358940769347,81.48733086305042,357.2232697697591,121.0373342213864,59.254476730694684,22.232854132355733,308.7404156374034,48.482854132355726,102.32273238478383,18.71460183660257,64.63680126319599,27.28381687911806,0.6925264656635518,25.67528641878658,17.780815358501663,0.2041425414294106,Alto rendimiento,1
20.315068493150687,86.6,192.0,89,194.0,180,180,194.8,0.9856262833675564,2.8000000000000114,2.1292433054794513,18.185825187671234,1.1336788970269098,4.510416666666666,21.588460844278618,22.991710799156728,44.0,30.5,7.0,10.5,44.5,29.5,35.5,28.5,18.0,56.0,30.0,33.0,28.0,99.0,84.0,39.0,16,12,8,25,13,9,23.49175347222222,-1.0,3.23404212006227,46.354166666666664,115.73033707865167,101.04166666666667,64.66512702078522,6.400000000000006,22.916666666666668,69.31818181818183,15.625,1.4426229508196722,79.46428571428571,26.822916666666668,74.375,29.166666666666668,23.177083333333332,14.84375,9.375,4.234044665060211,8.96310825538283,10.350009532774632,26.418011287434304,30.505786706044233,43.48497304353999,50.213594738498834,9.24819875313757,10.679213340805509,92.3483360045549,106.637801390941,81.5,10.636,0.8502817325248109,26.418011287434307,3.264889032963782,3.1377999999999986,3.191491007331937,43.4036762395245,71.6197243913529,336.2148172816289,121.0373342213864,49.63034368965037,21.989380701702537,295.2921401777706,40.92267710385829,104.12350673373832,16.913827487648078,62.38873769202297,30.702967497536825,0.7052717551549486,26.418011287434307,18.631877188392036,0.21514869732554315,Alto rendimiento,1
20.153424657534245,61.2,177.0,89,179.0,177,160,183.185,0.9662363184758578,6.185000000000002,1.7871738095658212,18.366250847968423,0.9879895307861725,3.4576271186440675,19.544036430478084,20.81439879845916,40.5,26.5,68.0,9.5,40.5,27.0,32.0,28.0,16.5,54.0,25.0,28.0,25.0,87.0,71.0,32.5,8,9,6,12,9,7,19.534616489514505,-2.0,4.34275149070924,50.282485875706215,98.87640449438202,101.12994350282484,80.88235294117646,28.80000000000001,22.88135593220339,65.4320987654321,14.124293785310735,1.528301886792453,81.81818181818181,27.11864406779661,68.32203389830508,27.966101694915253,22.88135593220339,15.819209039548022,9.322033898305085,3.444029895966268,39.94441351314275,65.268649531279,16.056147739787374,26.235535522528387,27.72718875475491,45.3058639783577,7.932367783478719,12.96138526712209,95.10414768713002,155.39893412929743,70.25,7.532,0.8141019910292792,16.056147739787374,2.173116689218361,55.0359,4.3021418433194825,44.92095880234902,49.735919716217296,240.7218514264917,84.05370432040722,40.23857454079166,9.497345175425636,216.60802393884364,24.113827487648052,73.06354942047199,10.990154899935234,49.735919716217296,19.09554549230313,0.652320640479352,16.056147739787374,10.4737565772492,0.1711398133537451,Alto rendimiento,1
20.654794520547945,85.0,156.3,89,158.3,170,156,177.63,0.8799189326127345,21.329999999999984,2.4601017798380345,18.19469274070991,1.144003306591283,5.438259756877799,21.902597363827798,23.326266192476602,37.5,29.8,6.0,8.8,36.2,24.0,27.0,23.8,15.5,54.0,27.0,30.0,25.0,92.0,77.0,36.0,21,27,18,28,34,23,34.79372845091361,-1.0,-1.1667264232629293,56.94177863083813,75.6179775280899,101.27959053103007,55.294117647058826,-20.69999999999999,23.992322456813817,79.46666666666667,17.274472168905948,1.2583892617449663,77.0212765957447,27.51119641714651,60.916826615483046,30.070377479206652,23.160588611644275,15.227127319257836,9.916826615483044,0.0,6.481087821546405,7.6248092018193,26.086128883701903,30.689563392590475,33.444527895177,39.34650340609059,8.706386000925104,10.242807059911886,74.71813060135042,87.90368306041225,54.72500000000001,18.287,1.5429101152479012,26.086128883701903,6.716837979854648,4.5684000000000005,-2.554760721995983,35.55360557104374,58.01197675699585,336.2148172816289,103.13240312354819,33.12558265757859,24.88639409941726,234.79402005050338,101.4207972311255,65.88715940792069,37.245243715627495,49.735919716217296,42.89871762802175,0.7075505860681219,26.086128883701903,18.457255779911844,0.2171441856460217,Alto rendimiento,1
19.03835616438356,48.0,163.0,89,165.0,172,165,183.185,0.8898108469579933,20.185000000000002,1.099053853769224,17.939302310614337,0.9039866908803493,2.94478527607362,17.838370088289278,18.997864144028078,37.0,27.0,6.0,8.5,38.0,25.8,30.5,25.0,16.0,55.0,23.0,26.0,22.0,84.0,65.0,30.0,11,10,10,14,23,15,18.06616733787497,-5.0,4.29345519585199,54.60122699386503,83.14606741573034,101.22699386503066,98.95833333333333,31.0,22.699386503067483,72.97297297297297,14.11042944785276,1.3703703703703705,80.0,28.52760736196319,66.1159509202454,29.141104294478527,23.312883435582823,15.337423312883436,9.815950920245399,0.0,5.493266028059576,11.444304225124116,18.098289361724042,37.704769503591756,22.741879851353556,47.37891635698657,4.758893091948547,9.91436060822614,51.09232833308572,106.44235069392857,59.75,11.691,0.6904515696316585,18.098289361724042,3.3131840788797278,2.1091999999999977,4.2552994305402905,44.85696643516433,42.096482447806316,206.9810034910099,71.6197243913529,30.396814225517236,11.69966822228908,152.4857597753824,54.49524371562748,50.88687025899717,20.732854132355733,38.515496228238675,27.792507929362063,0.7945391418445378,18.098289361724042,14.379799298318348,0.29957915204829894,Alto rendimiento,1
21.764383561643836,77.3,180.4,89,182.4,165,162,178.135,1.0127150756448762,-2.265000000000015,2.777686643545243,18.986696918098595,1.0894063193519206,4.2849223946784925,21.739787807283957,23.152874014757412,40.5,27.8,7.3,10.0,42.8,29.0,33.0,26.0,17.0,58.0,30.0,33.0,27.5,100.0,80.0,37.5,9,8,7,16,13,14,23.752341433916254,-6.0,2.4644409025362144,49.33481152993348,102.69662921348315,101.10864745011085,66.6235446313066,3.0999999999999943,22.45011086474501,68.64197530864197,16.62971175166297,1.4568345323741008,83.10679611650485,27.161862527716185,71.42350332594235,28.547671840354766,23.725055432372503,14.412416851441241,9.42350332594235,3.856245829263388,7.439133158296415,9.623716893009593,19.837466732382815,25.662958256640124,39.655640055028016,51.300957380372594,8.319376892201912,10.762453935578154,79.10786266717255,102.3387615357989,72.80000000000001,9.084,0.9787576478245946,19.837466732382815,2.2346043950029526,4.4239,2.4239757793485985,42.355158168509014,71.6197243913529,277.00917845144386,111.90581936148891,58.75589690370483,12.863827487648074,239.98650134758552,37.02267710385834,87.19519976174794,24.710619599740966,60.180462856622924,17.961291525440725,0.6452206823823375,19.837466732382815,12.79954382180496,0.16558271438298786,Alto rendimiento,1
21.383561643835616,50.5,164.0,89,166.0,169,161,179.65,0.91288616754801,15.650000000000006,2.290309977614432,19.093251666221185,0.9296706822575849,3.0792682926829267,19.393282536226312,20.65384590108102,39.0,23.0,6.0,9.0,37.5,25.5,29.0,24.5,16.5,53.0,24.0,27.0,23.5,81.0,66.0,32.0,11,8,7,15,16,13,18.776026174895897,-1.0,3.940626248290471,54.26829268292683,84.26966292134831,101.21951219512195,96.03960396039604,32.5,23.78048780487805,58.97435897435898,14.634146341463413,1.6956521739130435,77.31958762886597,27.439024390243905,64.5609756097561,29.573170731707318,22.865853658536587,14.939024390243903,10.060975609756097,0.0,5.22829931506267,10.353067950619149,16.32382623231491,32.32440838082161,23.23454471271674,46.00899943112226,4.913696735437823,9.730092545421432,49.70036699553215,98.41656830798445,60.5,10.43,0.7748040729532065,16.32382623231491,2.7290799508600454,2.8208999999999946,3.902385241026252,44.3748432254457,45.83662361046586,206.9810034910099,81.48733086305042,33.586955388176776,12.249668222289081,168.19162278930736,38.78938070170253,62.0146537591921,19.472677103858317,43.9466586612496,26.724630344483142,0.727822663922188,16.32382623231491,11.880850693806332,0.23526437017438281,En desarrollo,0
21.4986301369863,60.2,170.0,89,172.0,188,166,191.77,0.8864785941492412,21.77000000000001,2.4614013374697805,19.03722879951652,1.0074025882352942,3.541176470588235,20.498937718088957,21.83136866976474,39.5,26.0,6.5,8.5,40.0,25.0,30.5,26.3,16.0,58.0,27.0,30.0,25.0,94.0,72.0,33.0,7,9,8,11,10,6,20.83044982698962,-8.0,3.2146735938634805,52.35294117647059,91.01123595505618,101.17647058823529,77.24252491694352,15.800000000000011,23.235294117647058,65.82278481012658,15.88235294117647,1.5192307692307692,86.02150537634408,27.35294117647059,64.91176470588235,27.352941176470587,23.529411764705884,15.470588235294118,9.411764705882353,3.3213979781494216,5.857041174730915,9.729304276961653,14.563962069232847,24.192628021981474,30.87660129949192,51.290035381215816,6.53913499207523,10.8623504851748,61.15813751368033,101.59159055428627,65.0,7.532,0.9288833285317963,14.563962069232849,2.394792509200064,3.0763,3.175612361321509,43.381984100165994,58.01197675699585,232.0479070279834,86.65986651353701,48.946821857060606,9.065154899935244,205.83330519138084,26.214601836602554,77.0426098523601,9.61725666117691,49.735919716217296,15.6263506377449,0.6269885874725702,14.563962069232849,9.131438005792395,0.15168501670751486,En desarrollo,0
20.80821917808219,83.0,192.0,89,194.0,185,178,196.315,0.9780200188472608,4.314999999999998,2.3299917575342444,18.478227420547945,1.1175258859592012,4.322916666666667,21.625298501350194,23.030942903937955,45.5,28.0,7.5,10.0,45.2,30.5,35.0,30.5,19.2,57.0,29.0,32.0,28.0,100.0,80.0,38.0,7,10,6,8,6,6,22.51519097222222,-6.0,3.687053191261299,46.354166666666664,115.73033707865167,101.04166666666667,66.26506024096386,9.0,23.697916666666668,61.53846153846154,15.104166666666666,1.625,82.18181818181819,26.5625,75.5,28.645833333333332,23.541666666666668,15.885416666666666,10.0,4.158325871314366,8.643098654539232,10.413371872938834,17.85657069582169,21.513940597375534,41.16897229876987,49.60117144430106,8.319376892201912,10.023345653255316,80.14634441264708,96.56186073812901,81.5,6.756,0.9203794875558685,17.85657069582169,1.969086530630391,3.1347999999999985,3.644306641569166,44.022276832744765,66.92465357014198,296.10777162247126,114.90986891234844,57.159498670206744,9.76515489993524,278.0905149612944,18.017256661176873,103.79261225117155,11.117256661176896,62.38873769202297,14.591267012985934,0.5937728634074566,17.85657069582169,10.602747112695726,0.12774394111681597,Alto rendimiento,1
17.764383561643836,106.4,200.0,89,202.0,180,178,193.79,1.0320449971618764,-6.210000000000008,1.0653455506849299,16.699038010958905,1.28183816,5.32,22.26765508469556,23.71505266520077,49.5,32.5,7.8,10.5,46.0,32.0,37.5,30.5,19.5,57.0,35.0,38.0,30.0,116.0,90.0,41.0,15,15,12,35,17,13,26.6,-12.0,2.363505678069753,44.5,124.7191011235955,101.0,55.451127819548866,-22.400000000000006,24.75,65.65656565656566,17.5,1.523076923076923,77.96610169491525,26.75,79.25,29.5,23.0,15.25,9.75,4.760075913801109,11.706396118907264,11.002251991454195,34.630445126115944,32.547410832815736,60.27034528641698,56.645061359414456,10.873637009774978,10.21958365580355,122.24089945501628,114.88806339757168,87.5,12.963999999999999,0.8971194359235507,34.630445126115944,3.662766905337085,3.992599999999996,2.320210084877182,42.213401755296694,97.4824026437859,412.52961249419275,133.76972966873802,72.99954851143016,24.48285413235574,353.5994131864113,58.930199307781436,108.4470525648797,25.322677103858325,71.6197243913529,25.115152548936916,0.7305878943269151,34.630445126115944,25.300583984292825,0.2377874434613987,Alto rendimiento,1
11.942465753424658,75.0,160.0,89,162.0,165,160,177.125,0.903316866619619,17.125,-2.0126022027397266,13.955067956164385,1.3803186445312499,4.6875,20.591490520907545,21.929937404766534,43.5,27.0,6.5,10.0,38.8,25.0,28.0,26.0,17.0,55.5,35.5,38.5,30.0,108.0,79.0,37.0,7,13,6,10,8,7,29.296874999999993,-15.0,-0.058390621134829956,55.625,79.7752808988764,101.25,56.666666666666664,-23.0,27.1875,62.06896551724138,22.1875,1.6111111111111112,91.29411764705881,27.500000000000004,63.625,26.5625,24.249999999999996,16.25,10.625,3.48983556744159,7.909287840152612,10.545717120203484,12.587978104748512,16.783970806331347,43.17825408174205,57.57100544232272,8.241975070457276,10.989300093943035,75.40733066454203,100.5431075527227,57.5,7.532,1.5237310033020384,12.58797810474851,2.8040048605168315,7.5137,-0.8037799161751344,37.94565585221976,100.28750851578056,315.8429845658663,108.94155854640236,88.2473536158453,12.04015489993526,291.1456393904407,24.697345175425596,96.37640364646711,12.565154899935251,71.6197243913529,12.005637669262372,0.5351212379985086,12.58797810474851,6.736094427311143,0.08981459236414858,Alto rendimiento,1
18.65753424657534,51.0,166.0,89,168.0,158,156,171.57,0.9675351168619223,5.569999999999993,0.9442456774385195,17.71328856913682,0.8123781564813471,3.072289156626506,16.408903308482714,17.475482023534088,36.5,24.5,5.8,8.0,40.5,26.0,30.0,23.5,16.5,52.5,22.0,25.0,21.0,82.0,69.0,32.0,11,10,15,21,16,10,18.507766003774133,1.0,4.2294009167047335,53.6144578313253,86.51685393258427,101.20481927710843,93.13725490196079,33.0,21.987951807228917,67.12328767123287,13.253012048192772,1.489795918367347,85.26315789473684,27.710843373493976,65.93975903614458,28.6144578313253,24.397590361445783,14.156626506024097,9.939759036144578,0.0,4.340231249651052,8.510257352256964,18.87167986864333,37.00329386008496,22.336330776233734,43.79672701222301,6.693938635564506,13.125369873655893,52.242180530092625,102.43564809822084,62.0,11.691,0.7023664435217283,18.87167986864333,3.7810906825636614,1.458599999999997,4.190723479074684,44.768747922233175,38.515496228238675,215.1774830602425,81.48733086305042,27.36582800594959,11.149668222289083,175.58810235853997,39.58938070170254,66.27272902644786,15.214601836602554,35.093664951762925,28.948525435625577,0.7858408438650535,18.871679868643326,14.830136833125813,0.2907869967279571,En desarrollo,0
22.487671232876714,78.0,177.0,89,179.0,175,168,186.215,0.9505141905861504,9.215000000000003,2.631998788937709,19.855672443939007,1.2709026400459638,4.406779661016949,24.555782454537933,26.1519083140829,44.5,30.0,7.8,10.0,40.5,29.0,31.5,27.5,18.0,56.0,30.0,33.0,29.0,98.0,83.0,36.0,8,10,8,26,8,5,24.897060231734173,-1.0,1.788045729318327,50.282485875706215,98.87640449438202,101.12994350282484,65.38461538461539,1.0,25.141242937853107,67.41573033707866,16.94915254237288,1.4833333333333334,79.41176470588235,26.836158192090398,70.66949152542372,28.8135593220339,22.88135593220339,15.536723163841808,10.169491525423728,3.8180161792529868,9.51194579877717,12.194802306124576,18.602737374746173,23.84966330095663,40.12723541809279,51.44517361293947,8.78378782266974,11.261266439320181,80.84372259353886,103.6457981968447,70.25,8.89,1.0711409714479776,18.602737374746173,2.5059693936008087,5.220499999999998,1.7483802367517463,41.43221343818544,71.6197243913529,315.8429845658663,103.13240312354819,60.122379215927275,11.497345175425629,291.1456393904407,24.697345175425596,94.32875266439754,8.803650459150646,66.92465357014198,16.05332228395698,0.6227358249318622,18.602737374746173,11.584591005053342,0.14852039750068388,Alto rendimiento,1
21.21917808219178,61.7,166.0,89,168.0,180,168,188.74,0.8795167955918194,22.74000000000001,2.3579909583429606,18.861187123848822,1.0228363670344027,3.7168674698795185,20.562601704918062,21.899170815737737,40.0,27.5,6.0,8.5,37.5,25.5,30.0,27.0,17.0,54.0,25.5,28.5,24.0,85.0,68.0,36.0,17,11,9,22,18,15,22.390767890840472,-3.0,2.2131565187639595,53.6144578313253,86.51685393258427,101.20481927710843,76.17504051863857,19.30000000000001,24.096385542168676,68.75,15.36144578313253,1.4545454545454546,79.7872340425532,27.710843373493976,65.74096385542168,28.313253012048193,22.59036144578313,16.265060240963855,10.240963855421686,0.0,6.229978917584127,10.097210563345424,20.311615518927002,32.919960322410056,29.434335272322848,47.70556770230607,4.991098557182461,8.089300740976435,60.967028266016435,98.81203932903799,62.0,12.564,0.9048033726080034,20.311615518927006,3.8837022406894723,3.039399999999997,2.1750986161466734,42.01516204391622,51.74525087275247,277.00917845144386,103.13240312354819,32.34005156497109,19.40519930778138,226.45386850085154,50.55530995059232,77.89954899119245,25.23285413235574,45.83662361046586,37.50141120293532,0.7352075079978847,20.311615518927006,14.933252229081486,0.2420300199202834,Alto rendimiento,1
20.545205479452054,61.7,166.0,89,168.0,174,172,187.73,0.8842486549832206,21.72999999999999,2.0249022405347405,18.520303238917315,1.0228363670344027,3.7168674698795185,20.215101430945463,21.529083023956918,40.0,27.5,6.0,8.5,37.5,25.5,30.0,27.0,17.0,54.0,25.5,28.5,24.0,85.0,68.0,36.0,17,11,9,22,18,15,22.390767890840472,-3.0,2.2131565187639595,53.6144578313253,86.51685393258427,101.20481927710843,76.17504051863857,19.30000000000001,24.096385542168676,68.75,15.36144578313253,1.4545454545454546,79.7872340425532,27.710843373493976,65.74096385542168,28.313253012048193,22.59036144578313,16.265060240963855,10.240963855421686,0.0,6.229978917584127,10.097210563345424,20.311615518927002,32.919960322410056,29.434335272322848,47.70556770230607,4.991098557182461,8.089300740976435,60.967028266016435,98.81203932903799,62.0,12.564,0.9048033726080034,20.311615518927006,3.8837022406894723,3.039399999999997,2.1750986161466734,42.01516204391622,51.74525087275247,277.00917845144386,103.13240312354819,32.34005156497109,19.40519930778138,226.45386850085154,50.55530995059232,77.89954899119245,25.23285413235574,45.83662361046586,37.50141120293532,0.7352075079978847,20.311615518927006,14.933252229081486,0.2420300199202834,En desarrollo,0
18.846575342465755,69.2,175.0,89,177.0,174,163,183.185,0.9553183939733056,8.185000000000002,1.2523564117416837,17.59421893072407,1.0866997208163265,3.9542857142857146,20.198933178567668,21.511863835174566,42.0,28.0,7.0,9.5,39.5,28.0,33.0,26.8,18.0,53.5,29.0,32.0,26.0,103.0,78.0,34.5,5,8,5,5,5,7,22.59591836734694,-11.0,2.66595480767149,50.857142857142854,96.62921348314607,101.14285714285714,68.64161849710982,2.8000000000000114,24.0,66.66666666666666,16.57142857142857,1.5,83.15789473684211,28.000000000000004,71.28571428571429,27.142857142857142,22.571428571428573,15.314285714285715,10.285714285714286,3.598857209172729,7.636337095337229,11.03516921291507,12.77547793152306,18.46167331144951,36.239753503550794,52.36958598779017,8.087171426967995,11.68666391180346,68.3375971665518,98.75375313085522,68.75,5.98,1.052819070665459,12.77547793152306,1.6208214788696769,4.090299999999999,2.62626329771782,42.631507237319425,66.92465357014198,232.0479070279834,94.71708550756422,59.871003110991346,7.053650459150639,218.74425656883275,13.303650459150646,83.02693060762897,11.690154899935251,53.79437076506063,10.539689162167857,0.5559247490619739,12.77547793152306,7.102204363228742,0.10263301102931707,Alto rendimiento,1
17.17808219178082,56.3,164.0,89,166.0,170,155,177.125,0.9258997882851094,13.125,0.2929490758436336,16.885133115937187,1.0009722252379536,3.4329268292682924,18.184706010342712,19.366711901014988,36.5,25.0,7.0,9.0,39.3,28.5,31.5,26.0,17.2,54.0,25.0,28.0,25.5,87.0,66.0,36.5,5,5,5,5,3,6,20.93248066627008,-7.0,2.7843024831258916,54.26829268292683,84.26966292134831,101.21951219512195,82.59325044404974,20.69999999999999,22.25609756097561,68.4931506849315,15.24390243902439,1.46,84.51612903225805,28.96341463414634,70.48780487804878,28.353658536585368,23.96341463414634,15.853658536585366,10.487804878048781,3.1451748760379523,5.578518155569235,9.908558002787274,9.921232406202359,17.622082426647175,28.472787543042923,50.57333488995191,5.3007058441610155,9.415108071333954,52.41841882501349,93.10553965366518,60.5,5.398,1.0514476627632916,9.921232406202359,1.380848191043155,4.816899999999997,2.7463994273051107,42.795627632930476,49.735919716217296,223.533117572567,106.01708646708879,43.68226925706665,6.053650459150646,215.6538034072728,7.879314165294204,95.3498298059119,10.667256661176893,51.74525087275247,12.171586438315614,0.545513822090425,9.921232406202359,5.412169409754832,0.09613089537752811,Alto rendimiento,1
20.394520547945206,63.4,184.0,89,186.0,172,160,180.66,1.018487767076276,-3.3400000000000034,1.9133282399047047,18.4811923080405,1.0502983642485821,3.4456521739130435,20.507065986161436,21.84002527526193,44.0,27.5,7.0,9.0,46.8,28.5,34.0,27.0,17.2,56.0,27.0,30.0,26.0,96.0,72.0,34.5,5,8,4,5,4,4,18.726370510396976,-10.0,5.24463985600471,48.369565217391305,106.74157303370787,101.08695652173914,81.23028391167193,24.599999999999994,23.91304347826087,62.5,14.673913043478262,1.6,90.87378640776699,27.173913043478258,71.84782608695652,27.98913043478261,25.434782608695652,14.673913043478262,9.347826086956522,3.595818781381615,7.466276253113917,11.776460967056652,13.51297429943474,21.31383958901379,32.05115209513289,50.55386765793832,6.616536813819867,10.43617793977897,63.24275824288303,99.75198461022562,75.5,5.495,0.8008185836394881,13.51297429943474,1.4005633247576466,2.2830999999999975,5.202559816666472,46.151038000910475,58.01197675699585,215.1774830602425,94.71708550756422,51.45832629784521,6.553650459150639,204.9031467663861,10.274336293856408,87.94274921370781,6.774336293856408,53.79437076506063,11.297064546865855,0.5912916109037709,13.512974299434742,7.9901083416140235,0.12602694545132528,Alto rendimiento,1
18.82191780821918,42.5,156.7,89,158.7,182,150,180.66,0.867375179895937,23.960000000000008,0.9300043883831777,17.891913419836,0.8367962145625577,2.7121888959795792,16.822343627280027,17.915795963053228,36.5,23.0,5.5,8.5,34.5,24.8,28.0,23.8,14.8,54.0,21.0,24.0,21.0,75.0,59.5,31.0,11,8,6,7,19,14,17.30816142935277,-1.5,4.329900088718446,56.79642629227824,76.06741573033706,101.27632418634333,107.05882352941177,39.19999999999999,23.292916400765797,63.013698630136986,13.401403956604979,1.5869565217391304,75.82417582417582,28.079132099553288,62.24479897894065,29.036375239310786,22.016592214422467,15.188257817485642,9.444798978940652,0.0,4.474443639633365,10.528102681490271,13.970968307736259,32.87286660643826,18.698833441395017,43.997255156223574,3.4121013935918394,8.028473867274917,40.556346782356485,95.42669831142702,55.02499999999999,9.945,0.7414468800673032,13.970968307736259,2.7481071850589567,2.3065999999999995,4.292902159845973,44.90833628394258,35.093664951762925,191.06550918182035,76.47395015565571,24.493996729473842,10.599668222289083,147.35079655168516,43.71471263013518,56.31333055591471,20.160619599741004,35.093664951762925,30.203936342523868,0.7346235459198345,13.970968307736259,10.26340227816284,0.24149181830971386,Alto rendimiento,1
20.646575342465752,64.4,163.0,89,165.0,170,156,177.63,0.9176377864099533,14.629999999999995,2.1244692462727945,18.522106096192957,0.9813928935978019,3.9509202453987733,19.709509569427272,20.990627691440043,38.0,28.0,6.2,8.8,39.0,20.5,30.5,23.5,15.5,54.0,27.0,30.0,23.0,84.0,76.0,35.0,20,11,9,22,25,17,24.238774511648916,6.0,1.228470436577993,54.60122699386503,83.14606741573034,101.22699386503066,75.31055900621118,14.599999999999994,23.312883435582823,73.68421052631578,16.56441717791411,1.3571428571428572,80.41237113402062,28.52760736196319,60.509202453987726,29.754601226993866,23.926380368098158,14.417177914110429,9.50920245398773,0.0,6.185187828581511,9.604328926368805,21.33779620895282,33.13322392694537,29.752569410510116,46.199641941785885,7.00354592254306,10.875071308296675,64.2790993705875,99.81226610339672,59.75,13.728000000000002,0.9943366304022654,21.337796208952817,4.257468600730393,3.8166999999999973,1.1912469974200022,40.671102455491805,58.01197675699585,305.89580062262286,97.4824026437859,34.153569410585646,23.858407346410203,233.30453914385686,72.591261478766,70.00220333600451,27.48019930778139,42.096482447806316,41.12669259030729,0.7378519766941225,21.33779620895282,15.744135111072191,0.24447414768745637,Alto rendimiento,1
19.18082191780822,74.0,173.0,89,175.0,168,160,178.64,0.9684281236005374,5.639999999999986,1.4888331293372392,17.69198878847098,1.163016762671656,4.277456647398844,21.398551518116275,22.78945736679383,41.8,29.5,7.0,10.0,43.0,28.0,32.5,27.3,17.8,53.0,28.0,31.0,27.0,97.0,83.0,38.0,14,11,13,25,16,18,24.725182932941294,0.0,1.626681856669233,51.445086705202314,94.3820224719101,101.15606936416187,62.16216216216216,2.0,24.161849710982658,70.57416267942584,16.184971098265898,1.4169491525423727,93.47826086956522,28.034682080924856,70.78901734104046,26.589595375722542,24.85549132947977,15.780346820809248,10.289017341040463,3.67217902657375,8.280890646938461,11.190392766133055,23.185741414069078,31.332082991985242,37.38702548072711,50.52300740638799,8.58254308613368,11.598031197477946,81.10837965444207,109.60591845194877,67.25,11.994,0.9814027801428875,23.18574141406908,3.828677728007486,4.681999999999999,1.5877035693594017,41.21270979420683,62.38873769202297,286.4788975654116,114.90986891234844,44.32811809228197,18.060619599741003,240.4895168637091,45.989380701702515,83.25455896175615,31.655309950592297,58.01197675699585,28.948525435625594,0.715517829100617,23.18574141406908,16.58981136268298,0.2241866400362565,Alto rendimiento,1
20.980821917808218,59.5,160.0,89,162.0,170,165,182.175,0.8782763825991491,22.17500000000001,2.232269565753424,18.748552352054794,1.121211642578125,3.71875,21.763905338073283,23.178559185048044,40.0,26.0,7.0,10.0,37.8,24.0,29.0,26.0,15.5,55.0,26.0,29.0,26.0,88.0,72.0,38.5,7,8,5,9,7,6,23.242187499999996,-2.0,1.461174924547418,55.625,79.7752808988764,101.25,73.94957983193277,12.5,25.0,65.0,16.25,1.5384615384615385,85.90909090909089,28.125,62.6875,27.5,23.624999999999996,16.25,9.6875,3.162813894606208,7.131486726991092,11.98569197813629,11.250253012309042,18.907988255981582,29.989916507356696,50.40322102076756,6.585576085122011,11.068195101045397,58.12004622638505,97.680749960311,57.5,6.659,1.1779723385666736,11.250253012309042,2.07420335798001,6.414300000000001,1.4243732260428885,40.989580909894656,53.79437076506063,232.0479070279834,117.95370719898094,45.079215865125384,8.715154899935243,213.53275212804817,18.515154899935226,106.68645053780403,11.267256661176901,53.79437076506063,16.20086781570038,0.5614590543741717,11.25025301230904,6.31655641776121,0.10616061206321362,En desarrollo,0
22.27123287671233,53.8,167.0,89,169.0,175,158,181.165,0.9218116082024674,14.164999999999992,2.7658013369534906,19.50543153975884,0.877213769228011,3.2215568862275443,19.144859054680364,20.389274893234585,37.8,24.2,6.5,8.5,40.3,25.5,32.0,24.0,16.0,57.0,24.0,27.0,22.5,81.0,66.0,34.0,12,7,10,12,16,12,19.29075979776973,-1.0,3.844781217154477,53.293413173652695,87.64044943820225,101.19760479041918,88.28996282527882,32.19999999999999,22.634730538922152,64.02116402116403,14.37125748502994,1.56198347107438,84.84210526315789,28.74251497005988,67.08083832335329,28.44311377245509,24.131736526946106,14.37125748502994,9.580838323353293,0.0,5.113063329785732,9.50383518547534,16.866861922582135,31.351044465766055,25.630303003693,47.63996840835131,5.022059285880317,9.334682687509885,52.63228754194118,97.82953074710258,62.75,10.333,0.7929883302866361,16.866861922582135,3.012092249945904,2.875699999999995,3.8060378960998946,44.243221169535374,45.83662361046586,258.54720505278397,91.99155710711551,32.567596965758185,13.269026644707672,214.95782435108143,43.58938070170254,72.72253046240783,19.26902664470768,40.286094970136006,28.948525435625587,0.7157529513754991,16.866861922582135,12.072506201531189,0.2243960260507656,Alto rendimiento,1
21.164383561643834,52.5,175.0,89,177.0,184,160,186.72,0.9372322193658955,11.719999999999999,2.179134350684931,18.985249210958905,0.9185061714285715,3.0,19.12999218613213,20.37344167823072,39.5,27.5,7.0,9.0,42.0,26.5,31.0,26.8,16.5,55.0,23.0,26.0,23.0,85.0,67.0,30.0,4,7,4,6,6,6,17.142857142857142,-4.0,5.675955178772149,50.857142857142854,96.62921348314607,101.14285714285714,90.47619047619048,37.5,22.571428571428573,69.62025316455697,13.142857142857142,1.4363636363636363,88.42105263157895,26.857142857142858,66.92857142857143,27.142857142857142,24.0,15.314285714285715,9.428571428571429,3.200274488022994,6.572937135936712,12.51988025892707,12.419854398919252,23.656865521750955,21.80951204672613,41.541927708049776,5.269745115463159,10.037609743739353,49.27232318506825,93.85204416203476,68.75,5.786,0.7478511132563173,12.41985439891925,1.2580102530973216,1.9721999999999973,5.635274921070909,46.742178853922006,42.096482447806316,183.34649444186343,71.6197243913529,37.62214615394991,4.474336293856403,169.22923778068656,14.117256661176867,62.902467730175985,8.717256661176918,42.096482447806316,10.628765240430592,0.6203451324697118,12.419854398919252,7.704596222352096,0.14675421375908754,Alto rendimiento,1
20.731506849315068,52.2,160.0,89,162.0,182,155,183.185,0.8734339602041652,23.185000000000002,2.004481320547945,18.727025528767122,0.8906906835937499,3.2625,18.53238501615724,19.73699004220746,37.0,27.5,6.0,9.0,36.8,25.0,27.5,24.0,15.0,54.0,24.0,27.0,21.0,80.0,68.0,34.0,17,10,8,18,27,13,20.390624999999996,2.0,2.799555414767916,55.625,79.7752808988764,101.25,90.03831417624521,27.80000000000001,23.125,74.32432432432432,15.0,1.3454545454545455,78.29787234042553,27.187499999999996,61.875,29.375,22.999999999999996,15.0,9.375,0.0,5.909227834880127,11.32035983693511,18.830695202799372,36.074128740994965,24.68241480059186,47.284319541363715,8.474180535691188,16.23406232891032,57.89651837396255,110.9128704482041,57.5,12.661000000000001,0.8146802929004059,18.830695202799372,3.8132749123733323,3.5540999999999983,2.7623448756507543,42.81741103230977,45.83662361046586,258.54720505278397,91.99155710711551,27.706424302684482,18.130199307781375,187.32275766395142,71.22444738883254,71.21888000325718,20.772677103858328,35.093664951762925,39.55395899544772,0.7743191963883376,18.830695202799372,14.580968776865333,0.27932890377136654,En desarrollo,0
17.846575342465755,43.7,165.0,89,167.0,181,163,186.72,0.8836760925449871,21.72,0.4449278533001271,17.40164748916563,0.7449913461891644,2.648484848484849,15.083699260223828,16.064139712138374,37.0,24.5,5.5,8.0,30.0,25.5,30.2,24.0,15.0,52.0,19.0,22.0,19.0,77.0,62.0,30.0,8,6,4,8,10,10,16.0514233241506,-1.0,5.753233468744142,53.93939393939394,85.39325842696628,101.21212121212122,108.0091533180778,44.3,22.424242424242426,66.21621621621621,11.515151515151516,1.510204081632653,63.559322033898304,28.000000000000004,64.7909090909091,28.606060606060606,18.181818181818183,14.545454545454545,9.090909090909092,0.0,4.364771744668842,9.988036028990484,12.76308318528061,29.206140012083775,17.234510408145415,39.438238920241226,3.752669409268249,8.587344185968533,38.11503474736312,87.21975914728401,61.25,8.102,0.688692251767691,12.763083185280612,1.750182292109159,0.502600000000001,5.714348932684906,46.850203459952056,28.72746722808711,191.06550918182035,71.6197243913529,21.630122052661477,7.097345175425634,167.35090734521776,23.714601836602583,57.405122554750356,14.214601836602547,28.72746722808711,24.705781122557486,0.6891561361498388,12.76308318528061,8.795757093326962,0.2012759060257886,Alto rendimiento,1
22.52054794520548,57.1,172.0,89,174.0,170,160,179.65,0.9574172001113276,7.650000000000006,2.918487941510034,19.602060003695446,0.8934451058004326,3.3197674418604652,19.491891056195826,20.758863974848552,39.8,26.8,6.5,9.0,40.0,27.0,31.0,26.0,17.0,56.0,22.0,25.0,22.0,80.0,70.0,33.0,11,8,10,17,17,10,19.300973499188753,4.0,4.160077561191301,51.74418604651163,93.25842696629213,101.16279069767442,88.96672504378283,34.900000000000006,23.139534883720927,67.33668341708542,12.790697674418606,1.4850746268656716,78.74015748031496,27.325581395348834,67.88372093023256,29.53488372093023,23.25581395348837,15.116279069767442,9.883720930232558,0.0,6.316972397092691,11.062998944120299,18.759882315108374,32.85443487759785,23.525744479095803,41.20095355358284,5.378107665905655,9.418752479694668,53.98070685720252,94.53713985499564,66.5,10.721,0.7534737052415909,18.759882315108374,2.918405228288712,2.0351999999999997,4.120373495188765,44.6726413868699,38.515496228238675,249.55495076809189,86.65986651353701,27.36582800594959,11.149668222289083,204.2247514603105,45.330199307781385,70.94526467693446,15.714601836602554,38.515496228238675,28.948525435625577,0.7343949924822134,18.759882315108374,13.777163631771222,0.24128132454940843,Alto rendimiento,1
27.40821917808219,78.3,176.0,89,178.0,170,155,177.125,0.9936485532815809,1.125,5.598415802988793,21.8098033750934,1.2257807441244832,4.448863636363637,26.485444670655607,28.20699857424822,42.8,28.5,7.0,9.2,43.5,27.5,33.5,27.0,17.5,54.0,30.0,33.0,29.0,103.0,84.0,38.0,8,11,7,10,9,4,25.27763429752066,-5.0,1.5778989791868305,50.56818181818182,97.75280898876404,101.13636363636364,63.85696040868455,-5.300000000000011,24.318181818181817,66.58878504672897,17.045454545454543,1.5017543859649123,87.0,28.125,70.94318181818181,28.40909090909091,24.71590909090909,15.340909090909092,9.943181818181818,3.8085737801429733,7.797958009159344,9.959077917189456,15.477665938626105,19.76713402123385,42.73840061205508,54.58288711629002,9.325600574882213,11.910090133949186,79.14819891486572,101.08326809050538,69.5,7.338,1.152327866393885,15.477665938626105,2.5221110438306393,4.5223999999999975,1.5384732862193644,41.145455309042845,71.6197243913529,315.8429845658663,114.90986891234844,60.122379215927275,11.497345175425629,288.1291570782182,27.713827487648075,107.43553261849202,7.474336293856425,66.92465357014198,16.05332228395698,0.5721124618632998,15.477665938626105,8.854965564045122,0.11309023708869888,Alto rendimiento,1
21.627397260273973,89.3,170.0,89,172.0,178,169,188.235,0.9031264111350173,18.235000000000014,2.917376709427881,18.710020550846092,1.2038814411764707,5.252941176470588,23.210072942641375,24.718727683913063,40.5,31.5,6.5,9.5,38.5,26.0,30.5,25.8,16.0,56.0,33.0,36.0,27.0,102.0,95.0,40.0,28,36,24,27,20,20,30.899653979238757,7.0,-0.014150801373215671,52.35294117647059,91.01123595505618,101.17647058823529,55.09518477043673,-21.30000000000001,23.823529411764707,77.77777777777779,19.411764705882355,1.2857142857142858,78.2520325203252,27.35294117647059,65.91176470588235,28.941176470588236,22.647058823529413,15.176470588235293,9.411764705882353,3.9273922447207386,7.989483623928772,8.946790172372644,32.014771695257465,35.85080816938126,44.6756031327522,50.028670921335056,10.7188333662857,12.003172862581971,99.32608406294489,111.22741776365609,65.0,17.62,1.1659928415376049,32.014771695257465,7.744137198237774,5.3121000000000045,-0.7353853978454126,38.03909098654998,86.65986651353701,378.8683420302569,127.32395447351627,46.61738811457301,40.042478398964,313.00993468384667,65.85840734641022,90.46554712710606,36.8584073464102,58.01197675699585,46.20648520466971,0.7715500213003277,32.014771695257465,24.700997783401025,0.2766069180672007,Alto rendimiento,1
24.65205479452055,83.2,174.0,89,176.0,180,162,185.71,0.9369446987238167,11.710000000000008,4.309753391969769,20.34230140255078,1.2462772962082176,4.781609195402298,25.340264253124747,26.987381429577855,42.0,29.5,7.0,10.5,43.8,27.5,30.5,28.5,16.5,55.0,32.0,35.0,29.0,104.0,90.0,39.0,18,19,16,31,31,23,27.48051261725459,0.0,0.8311576470871884,51.14942528735632,95.50561797752809,101.14942528735634,51.68269230769231,-13.199999999999989,24.137931034482758,70.23809523809523,18.39080459770115,1.423728813559322,101.86046511627907,26.72413793103448,67.48275862068965,24.71264367816092,25.17241379310345,16.379310344827587,9.482758620689655,3.875855335609168,8.580735001143877,10.31338341483639,30.698776024246012,36.89756733683415,45.478214090944626,54.6613150131546,10.25442243581787,12.325026966127249,98.88800288776156,118.8557727016365,68.0,15.971,0.9966018373445905,30.698776024246012,5.1710954577805275,5.608799999999999,0.599861397321316,39.863198630220374,81.48733086305042,357.2232697697591,121.0373342213864,55.232020912458154,26.255309950592263,260.9209461200086,96.30232364975052,80.34209050575892,40.695243715627484,66.92465357014198,32.220112835352985,0.7845298349767434,30.698776024246015,24.084105688289736,0.28947242413809776,Alto rendimiento,1
19.057534246575344,52.4,160.0,89,162.0,170,165,182.175,0.8782763825991491,22.17500000000001,1.1800406027397257,17.877493643835617,0.9448787578125,3.2750000000000004,18.398694152820962,19.594609272754322,38.0,27.5,5.5,8.5,38.5,26.0,29.5,24.3,16.0,56.0,23.0,26.0,22.0,84.0,71.0,32.0,14,10,9,17,18,15,20.468749999999996,1.0,2.759621364104518,55.625,79.7752808988764,101.25,89.69465648854963,23.599999999999994,23.75,72.36842105263158,14.374999999999998,1.3818181818181818,81.91489361702128,28.4375,65.5,29.375,24.0625,15.1875,10.0,0.0,5.686998945405406,10.853051422529402,17.344333988977738,33.09987402476668,24.68241480059186,47.10384503929745,5.610313131139569,10.706704448739636,53.32406086611457,101.76347493533316,57.5,11.691,0.8558512209722231,17.344333988977738,3.5975457194093563,2.338799999999999,2.722422268562429,42.76287195158802,42.096482447806316,240.7218514264917,81.48733086305042,27.535862848065317,14.560619599740999,193.7665414758994,46.955309950592294,59.254476730694684,22.232854132355733,38.515496228238675,34.58868473819424,0.7374384379071068,17.344333988977738,12.790378563370883,0.2440911939574596,Alto rendimiento,1
16.975342465753425,52.5,159.0,89,161.0,173,155,178.64,0.8900582176444246,19.639999999999986,0.15575628022745058,16.819586185525974,0.9416592310430758,3.30188679245283,17.281778986643996,18.405094620775856,36.0,26.0,8.0,8.2,36.8,24.5,29.0,24.2,16.2,54.0,25.0,28.0,23.0,80.0,66.0,33.0,18,8,7,11,19,15,20.766583600332265,0.0,2.543982133855838,55.9748427672956,78.65168539325843,101.25786163522012,88.57142857142857,26.5,22.641509433962263,72.22222222222221,15.723270440251572,1.3846153846153846,79.13978494623655,28.30188679245283,63.68867924528302,29.245283018867923,23.144654088050313,15.220125786163521,10.18867924528302,0.0,5.906793277743101,11.251034814748763,16.363380339081317,31.168343503012036,27.667393130538432,52.69979643912082,4.913696735437823,9.359422353214901,54.851263482800675,104.47859711009652,56.75,11.206,0.8989926723233044,16.363380339081317,3.620155471999522,4.8963,2.5070212140015684,42.46860821584914,49.735919716217296,240.7218514264917,86.65986651353701,29.780609765625027,19.95530995059227,191.3071387963565,49.4147126301352,63.67701238118128,22.982854132355733,42.096482447806316,40.122531290168304,0.7134874594373493,16.36338033908132,11.675066665938202,0.2223822222083467,Alto rendimiento,1
13.643835616438356,69.7,172.0,89,174.0,175,167,185.71,0.9261752194281406,13.710000000000008,-1.3006318698948718,14.944467486333227,1.1961048576933477,4.052325581395349,18.98907030178846,20.223359871404707,42.5,28.0,7.0,10.5,40.0,28.0,31.0,27.0,17.0,57.5,29.0,32.0,28.0,93.0,76.0,34.0,9,11,7,18,11,11,23.56003244997296,-3.0,2.05677258621564,51.74418604651163,93.25842696629213,101.16279069767442,71.01865136298422,9.300000000000011,24.709302325581394,65.88235294117646,16.86046511627907,1.5178571428571428,80.8080808080808,27.325581395348834,68.88372093023256,28.77906976744186,23.25581395348837,15.69767441860465,9.883720930232558,3.564913486823712,8.345797154246565,11.973884008962072,17.729276608474795,25.436551805559247,35.04925547644632,50.2858758629072,7.313153209521613,10.492328851537465,72.00239593551301,103.30329402512625,66.5,9.084,1.021347243629594,17.729276608474798,2.6994512565764928,4.8642,2.0177888297293443,41.800257964111125,66.92465357014198,286.4788975654116,91.99155710711551,54.510826082493914,12.41382748764807,254.42922934312256,32.04966822228906,74.24188888482642,17.74966822228909,62.38873769202297,18.54896039863316,0.6424132423889346,17.729276608474798,11.389522071260588,0.16340777720603425,Alto rendimiento,1
17.15068493150685,60.1,166.0,89,168.0,168,155,176.115,0.9425659370297816,10.115000000000009,0.3251809126258445,16.825504018881006,0.9944934435331688,3.6204819277108435,18.083371046051855,19.258790164045227,39.0,28.0,6.5,8.8,40.0,28.0,31.0,27.0,17.5,54.0,26.0,29.0,23.5,84.0,72.0,36.0,18,13,10,18,13,15,21.810132094643638,2.0,2.483756262658787,53.6144578313253,86.51685393258427,101.20481927710843,86.522462562396,21.900000000000006,23.49397590361446,71.7948717948718,15.66265060240964,1.3928571428571428,76.92307692307692,28.313253012048197,69.5421686746988,31.325301204819276,24.096385542168676,16.265060240963855,10.542168674698795,0.0,6.4931083397013865,10.803840831449895,19.511651268769402,32.465309931396675,28.74184702880196,47.823372760069816,5.919920418118122,9.850117168249787,60.66652705539087,100.94264069116618,62.0,12.079,0.8873135610644916,19.511651268769402,4.28329418760406,3.723899999999997,2.445608470108848,42.38471102473886,53.79437076506063,267.69861428056794,103.13240312354819,32.939060814468355,20.85530995059227,231.32593717670963,36.37267710385831,77.89954899119245,25.23285413235574,43.9466586612496,38.76857309415313,0.7295698431493187,19.511651268769402,14.235112355740299,0.23685711074443092,Alto rendimiento,1
17.575342465753426,72.8,172.0,89,174.0,189,165,191.77,0.8969077540804088,19.77000000000001,0.683694952978655,16.89164751277477,1.0477891414277989,4.232558139534884,19.01972187135964,20.256003792998015,38.0,28.0,6.5,9.5,39.5,26.0,31.0,25.5,16.0,56.0,28.0,31.0,26.0,88.0,77.0,41.0,20,15,7,18,17,22,24.607896160086536,3.0,1.616025166346411,51.74418604651163,93.25842696629213,101.16279069767442,69.36813186813187,11.199999999999989,22.093023255813954,73.68421052631578,16.27906976744186,1.3571428571428572,78.21782178217822,27.325581395348834,66.30232558139535,29.36046511627907,22.96511627906977,14.825581395348838,9.30232558139535,0.0,6.419697701252382,8.818266073148877,23.225840377187197,31.903626891740654,36.16443396006088,49.676420274808905,7.46795685301089,10.258182490399575,73.27792889151135,100.65649573009802,66.5,13.243,0.9742491153061366,23.225840377187197,4.237711054741489,4.389300000000002,1.5772085432299043,41.19837232681681,62.38873769202297,325.94932345220167,133.76972966873802,37.53033034561277,24.858407346410203,273.81912414442024,52.130199307781425,92.4710567795817,41.29867288915632,53.79437076506063,39.84438260174737,0.7226049734575841,23.225840377187197,16.78310776928744,0.23053719463306924,Alto rendimiento,1
18.523287671232875,53.7,161.0,89,163.0,179,159,183.69,0.8764766726550166,22.689999999999998,0.9312435971751886,17.592044074057686,0.976258951429343,3.335403726708075,18.545635990792626,19.751102330194144,36.0,26.5,6.0,8.5,35.8,22.3,27.0,23.5,14.5,55.0,25.0,28.0,24.0,83.0,70.0,35.0,12,11,10,18,18,11,20.716793333590523,1.0,2.699191572030898,55.27950310559006,80.89887640449437,101.24223602484473,89.3854748603352,24.30000000000001,22.36024844720497,73.61111111111111,15.527950310559005,1.3584905660377358,74.58333333333333,26.70807453416149,58.30621118012422,29.81366459627329,22.236024844720493,14.596273291925465,9.006211180124224,0.0,5.2127737537001275,9.707213694041206,17.142005575642976,31.92179809244502,26.988314534172083,50.2575689649387,5.455509487650293,10.159235544972612,54.79860335116548,102.04581629639755,58.25,11.4,0.8760012667337049,17.142005575642976,3.575165889777822,3.597799999999996,2.661834516248433,42.68010179815359,49.735919716217296,249.55495076809189,97.4824026437859,35.86689307150962,13.869026644707674,201.69964081749958,47.8553099505923,79.18273442149682,18.299668222289085,45.83662361046586,27.885332620451024,0.7228302963463182,17.142005575642976,12.390760970212252,0.2307404277506937,Alto rendimiento,1
28.389041095890413,92.8,182.0,89,184.0,160,164,176.62,1.0304608764579322,-5.3799999999999955,6.2404964551558,22.148544640734613,1.2350123553918608,5.0989010989010985,27.115420401264316,28.877922727346494,46.2,30.5,7.5,10.5,44.2,31.0,35.5,29.0,20.5,57.0,36.0,39.0,28.0,110.0,93.0,37.0,12,12,13,26,8,14,28.015940103852188,-3.0,0.9905577520508331,48.9010989010989,104.49438202247192,101.0989010989011,51.724137931034484,-20.80000000000001,25.384615384615383,66.017316017316,19.78021978021978,1.5147540983606558,92.08333333333333,28.296703296703296,77.76373626373626,26.373626373626372,24.285714285714285,15.934065934065934,11.263736263736265,4.194465111127957,10.19433257795162,10.985272174516833,23.71748584056675,25.557635604058994,48.939092578259206,52.736091140365524,14.279317166539064,15.387195222563648,101.32469327444458,109.1860918905653,74.0,10.830000000000002,1.145919133025177,23.717485840566745,3.54587580745742,5.677499999999998,0.8505737366106345,40.20570182597081,103.13240312354819,336.2148172816289,108.94155854640236,82.6633764788405,20.469026644707682,310.7174721062033,25.497345175425608,84.58093894666138,24.360619599740986,62.38873769202297,19.847328312699812,0.6439146814903316,23.717485840566745,15.272037340779985,0.16456936789633606,Alto rendimiento,1
23.726027397260275,58.0,160.0,89,162.0,165,160,177.125,0.903316866619619,17.125,3.5675092821917804,20.158518115068496,1.0633948359375,3.625,22.401078594131302,23.857148702749836,37.5,25.0,6.5,9.5,33.5,25.0,27.0,23.5,15.0,56.0,28.0,31.0,26.0,84.0,69.0,34.0,19,9,8,15,15,18,22.656249999999996,-1.0,1.7176916880576059,55.625,79.7752808988764,101.25,76.72413793103448,18.0,23.4375,66.66666666666666,17.5,1.5,75.28089887640449,26.875,61.375,27.8125,20.9375,14.6875,9.375,0.0,5.909227834880127,10.1883238532416,17.492970110359902,30.160293293723967,28.86408281198235,49.76566002065922,5.687714952884207,9.806405091179668,57.95399571010658,99.92068225880445,57.5,11.788,0.9889411594150412,17.492970110359902,3.919357252035415,4.9175,1.680807542379064,41.33990101417905,62.38873769202297,258.54720505278397,91.99155710711551,38.62402506188777,23.7647126301352,217.56435092042827,40.9828541323557,63.936247156523244,28.055309950592267,53.79437076506063,38.09135031301292,0.7009876368421772,17.492970110359902,12.262355779012028,0.2114199272243453,Alto rendimiento,1
18.2986301369863,52.5,168.0,89,170.0,185,157,185.71,0.9046362608367885,17.710000000000008,0.7817348904109588,17.51689524657534,1.0853541592261906,3.125,19.898300429726117,21.191689957658312,42.0,25.5,7.0,9.5,38.5,27.0,35.5,23.5,16.5,55.0,25.0,28.0,26.0,88.0,62.0,32.0,4,7,4,6,5,4,18.601190476190478,-12.0,4.3057169716212655,52.976190476190474,88.76404494382022,101.19047619047619,88.57142857142857,27.5,25.0,60.71428571428571,14.880952380952381,1.6470588235294117,82.79569892473118,30.654761904761905,72.32142857142857,27.678571428571427,22.916666666666668,13.988095238095237,9.821428571428571,3.1069472038068326,7.153054244426606,13.62486522747925,10.712988477458179,20.40569233801558,26.161444658043287,49.83132315817769,4.371883983225355,8.32739806328639,51.50631856696025,98.1072734608767,63.5,5.495,0.8812790938339757,10.712988477458179,1.3344575365451927,3.9198999999999984,4.266663924228077,44.87249169976513,49.735919716217296,191.06550918182035,81.48733086305042,44.86158342236089,4.874336293856409,179.01185872266973,12.053650459150617,75.21299456919401,6.274336293856408,53.79437076506063,9.800434618819452,0.5800305849913931,10.712988477458179,6.213860973586121,0.11835925663973565,Alto rendimiento,1
18.621917808219177,72.2,178.0,89,180.0,178,158,182.68,0.9743814320122618,4.680000000000007,1.1688575579190386,17.453060250300137,1.13896758742583,4.056179775280899,20.786661825980676,22.13779484466942,45.0,27.0,6.5,9.5,40.5,28.5,34.0,25.0,17.5,55.0,28.5,31.5,27.0,98.0,78.0,38.0,8,8,5,8,6,7,22.78752682742078,-6.0,2.7556131163322846,50.0,100.0,101.12359550561798,72.71468144044321,7.800000000000011,25.280898876404493,60.0,16.01123595505618,1.6666666666666667,77.14285714285714,28.08988764044944,72.3314606741573,29.49438202247191,22.752808988764045,14.044943820224718,9.831460674157304,3.70979362701043,7.825229583971118,10.838268121843653,14.621176868420985,20.25093749088779,37.24955943434717,51.59218758219829,7.7001623182448045,10.665044762111917,71.10592183199451,98.4846562770007,71.0,6.659,1.020946012015759,14.621176868420985,1.932253801738862,3.6814,2.7154092660595452,42.75329134707588,64.63680126319599,258.54720505278397,114.90986891234844,53.73945608777036,10.897345175425635,241.7299483916071,16.817256661176856,101.99471401241318,12.91515489993526,58.01197675699585,16.859350961772535,0.5781116248870086,14.621176868420983,8.452672317163199,0.1170730237834238,Alto rendimiento,1
18.221917808219178,68.9,175.0,89,177.0,173,163,182.68,0.957959273045763,7.680000000000007,0.9397108962818005,17.28220691193738,1.0536851232653062,3.9371428571428573,19.432460160655115,20.695570071097695,41.5,29.0,7.0,10.0,38.2,26.0,31.5,27.0,17.5,55.0,28.0,31.0,25.0,93.0,74.0,37.0,16,11,12,21,18,15,22.497959183673473,-5.0,2.7111935466885093,50.857142857142854,96.62921348314607,101.14285714285714,74.02031930333817,13.099999999999994,23.714285714285715,69.87951807228916,16.0,1.4310344827586208,74.90196078431373,27.142857142857142,67.5,29.142857142857142,21.828571428571433,15.428571428571429,10.0,3.5922180833108093,8.035112080112425,11.661991408000615,23.088560377033517,33.51024728161613,34.50812452873185,50.084360709335044,7.080947744287697,10.277137509851519,76.3049628134763,110.7474061153502,68.75,11.606000000000002,0.8547907101661386,23.088560377033517,3.883119006762607,4.269699999999997,2.6714853036200736,42.693285933907205,62.38873769202297,277.00917845144386,108.94155854640236,41.99935699032044,20.389380701702528,226.45386850085154,50.55530995059232,82.95870441404662,25.98285413235574,49.735919716217296,32.681188073323554,0.74252706629204,23.088560377033513,17.14388100166533,0.24882265604739232,Alto rendimiento,1
21.175342465753424,59.4,176.0,89,178.0,165,165,179.65,0.9796827163929863,3.6500000000000057,2.271892627397259,18.903449838356167,0.9493825923295455,3.3749999999999996,19.551260835912775,20.822092790247105,41.0,28.5,6.5,9.5,40.5,29.0,31.5,26.0,16.5,56.0,25.0,28.0,23.0,87.0,70.0,32.0,13,10,6,14,11,10,19.176136363636363,-3.0,4.483807416884197,50.56818181818182,97.75280898876404,101.13636363636364,79.96632996632997,29.599999999999994,23.295454545454547,69.51219512195121,14.204545454545455,1.4385964912280702,85.26315789473684,26.988636363636363,69.875,26.988636363636363,23.011363636363637,14.772727272727273,9.375,3.386669865672045,7.2063847053776415,12.131960783464043,18.17541154171237,30.59833592880871,25.612861771560535,43.11929591171807,5.765116774628846,9.70558379567146,60.14644465895143,101.25664083998558,69.5,8.793,0.7561680534616173,18.17541154171237,2.8467371855629406,2.1770999999999994,4.443319531294911,45.113824496304524,49.735919716217296,215.1774830602425,81.48733086305042,34.81324261235898,14.92267710385832,187.52781483795343,27.64966822228908,66.27272902644786,15.214601836602554,42.096482447806316,30.003822567279297,0.706419365517228,18.17541154171237,12.839462689310956,0.21615257052712047,Alto rendimiento,1
17.82191780821918,51.8,158.0,89,160.0,170,155,177.125,0.8920254057868737,19.125,0.5673914015259229,17.254526406693255,0.9220645345297228,3.2784810126582276,17.454514901862044,18.589058370483077,37.5,25.5,6.0,8.5,35.0,25.0,28.0,23.5,15.0,52.0,25.0,28.0,22.0,80.0,67.0,34.0,17,9,8,21,21,17,20.749879826950806,1.0,2.4867883015200363,56.32911392405063,77.52808988764045,101.26582278481013,93.62934362934364,26.19999999999999,23.734177215189874,68.0,15.822784810126583,1.4705882352941178,72.16494845360825,27.848101265822784,62.49367088607595,30.696202531645568,22.151898734177216,14.873417721518987,9.49367088607595,0.0,5.404606669559816,10.433603609188832,18.30183099455622,35.33172006671085,25.242620117715486,48.73092686817662,5.223304022416378,10.083598498873316,54.1723618042479,104.57984904294962,56.0,12.661000000000001,0.8492778716654205,18.30183099455622,3.7523192530856564,3.639199999999999,2.4500202562566358,42.3907380549954,49.735919716217296,258.54720505278397,91.99155710711551,30.755720408435913,18.980199307781383,202.1608109533667,56.38639409941726,65.36135779933413,26.630199307781382,38.515496228238675,38.161955013757485,0.7651133288272145,18.30183099455622,14.002974835878,0.27032769953432434,En desarrollo,0
18.504109589041096,61.1,172.0,89,174.0,170,155,177.125,0.9710656316160904,5.125,0.986798152022938,17.517311437018158,0.823990468158464,3.5523255813953494,16.486107398850226,17.55770437977549,36.0,25.0,6.0,9.5,40.0,27.0,28.5,25.0,16.0,53.0,24.0,27.0,22.0,80.0,65.0,37.0,17,11,10,19,24,19,20.653055705786915,-1.0,3.4301570534084362,51.74418604651163,93.25842696629213,101.16279069767442,88.37970540098199,30.900000000000006,20.930232558139537,69.44444444444444,13.953488372093023,1.44,74.07407407407408,25.872093023255815,64.80232558139535,31.3953488372093,23.25581395348837,14.534883720930232,9.30232558139535,0.0,4.878818138857041,7.9849724040213435,23.397607994959458,38.29395743855885,27.61473225234921,45.19596113314109,4.371883983225355,7.155292934902381,60.263042369391066,98.63018391062366,66.5,13.340000000000002,0.7409408920959897,23.397607994959458,3.850414427338934,2.6690000000000005,3.3906887602722975,43.67580431731188,45.83662361046586,296.10777162247126,108.94155854640236,27.706424302684482,18.130199307781375,227.4316650436406,68.67610657883066,76.62684591626716,32.314712630135205,38.515496228238675,39.55395899544772,0.8018450722381297,23.397607994959458,18.761256672917707,0.3070582106860508,Alto rendimiento,1
22.542465753424658,51.8,162.0,89,164.0,170,157,178.135,0.909422628905044,16.13499999999999,2.8873814713343475,19.65508428209031,0.8271980323121476,3.197530864197531,18.611459896009876,19.821204789250515,34.0,26.5,5.5,8.5,36.5,25.0,29.0,23.5,15.5,53.0,24.0,27.0,21.0,76.0,67.0,31.0,18,9,15,25,22,15,19.737844840725494,5.0,3.2732892711787684,54.93827160493827,82.02247191011236,101.23456790123457,99.42084942084942,34.2,20.987654320987655,77.94117647058823,14.814814814814813,1.2830188679245282,70.87378640776699,27.77777777777778,63.5679012345679,31.790123456790123,22.530864197530864,14.506172839506172,9.567901234567902,0.0,4.4975777714030425,8.682582570276145,21.044701450157334,40.626836776365515,22.420964057406355,43.28371439653736,4.913696735437823,9.485901033663751,52.87694001440455,102.07903477684278,59.0,13.728000000000002,0.7233940021056585,21.044701450157337,4.480246505943673,2.028600000000001,3.2355903893264255,43.46392129689402,45.83662361046586,258.54720505278397,76.47395015565571,26.78131365987359,19.055309950592267,199.6485321636277,58.89867288915627,54.99109602329998,21.482854132355733,35.093664951762925,41.57223732823414,0.8307727760269323,21.044701450157337,17.483365044405218,0.33751669969894244,Alto rendimiento,1
20.167123287671235,64.6,170.0,89,172.0,174,166,184.7,0.9204114780725502,14.699999999999989,1.862670369863014,18.30445291780822,1.0713203529411766,3.7999999999999994,20.67279064195858,22.016522033685888,38.5,28.5,6.0,9.5,36.5,26.0,30.0,25.0,16.5,56.0,31.0,34.0,26.0,90.0,76.0,40.0,28,20,13,18,24,27,22.352941176470587,0.0,2.476504565036123,52.35294117647059,91.01123595505618,101.17647058823529,80.49535603715171,15.400000000000006,22.647058823529413,74.02597402597402,18.235294117647058,1.3508771929824561,70.1923076923077,27.058823529411764,65.70588235294117,30.58823529411765,21.470588235294116,14.705882352941176,9.705882352941176,0.0,6.484230130377342,10.037507941760593,27.819865535155394,43.064807329961916,38.86549709769525,60.16330820076664,7.158349566032336,11.081036479926219,80.32794232926032,124.34665995241537,65.0,16.25,0.7486288309555181,27.819865535155394,5.9254145432361245,4.394400000000001,2.43769378487832,42.37389861322175,76.47395015565571,367.96622842846205,127.32395447351627,39.23147175669171,37.242478398964,290.8901218496313,77.07610657883072,79.04950708468368,48.274447388832584,53.79437076506063,48.69956151494771,0.8610036108915278,27.819865535155397,23.953004680285563,0.3707895461344515,En desarrollo,0
19.073972602739726,67.6,182.0,89,184.0,172,164,182.68,0.9962776439675936,0.6800000000000068,1.3194774035225043,17.75449519921722,0.9493774018838305,3.714285714285714,18.46772466751028,19.668126770898446,39.5,26.5,7.0,9.0,39.0,26.0,31.0,25.5,16.0,55.0,27.5,30.5,25.0,94.0,71.0,35.0,8,10,9,13,16,11,20.40816326530612,-9.0,4.169918178138182,48.9010989010989,104.49438202247192,101.0989010989011,76.92307692307693,20.400000000000006,21.703296703296704,67.08860759493672,15.10989010989011,1.490566037735849,75.0,25.82417582417583,65.79120879120879,28.571428571428573,21.428571428571427,14.010989010989011,8.791208791208792,3.6660302335152988,5.96744534732969,8.827581874748063,20.255704124788235,29.964059356195616,34.99616999559247,51.7694822420007,6.46173317033059,9.558776879187263,71.34708287155628,105.54302199934362,74.0,9.084,0.7853323687351915,20.255704124788235,2.5341714252556926,2.550499999999996,4.128545737730185,44.68380565263686,60.180462856622924,296.10777162247126,97.4824026437859,49.68311768119729,10.497345175425636,249.31839092076876,46.7893807017025,79.18273442149682,18.299668222289085,49.735919716217296,17.443111397190577,0.6985543360168256,20.255704124788235,14.149709945444721,0.2093152358793598,Alto rendimiento,1
22.54794520547945,74.1,171.6,89,173.6,172,164,182.68,0.9393474928837311,11.080000000000013,3.16030782834371,19.38763737713574,1.127956640707777,4.318181818181818,22.662706501520375,24.1357824241192,38.0,28.0,6.4,9.5,36.5,26.0,31.0,25.5,16.0,55.0,30.0,33.0,28.0,95.5,80.0,37.0,12,12,9,15,10,7,25.164229709684257,-1.5,1.368763845700368,51.86480186480187,92.80898876404494,101.16550116550115,68.82591093117409,2.0,22.144522144522146,73.68421052631578,17.482517482517483,1.3571428571428572,71.56862745098039,27.38927738927739,66.32400932400932,29.72027972027972,21.270396270396272,14.86013986013986,9.324009324009324,3.6527059252092298,6.382146777516585,8.61288364037326,17.29057161366785,23.334104741791972,37.420241944346884,50.49965174675693,7.777564139989444,10.496037975694257,72.52323040073,97.87210580395413,66.19999999999999,8.89,1.1242646848345803,17.29057161366785,3.351234630286789,4.479800000000001,1.3301062547132787,40.860800894417046,71.6197243913529,286.4788975654116,108.94155854640236,54.75069774664523,16.869026644707674,257.26429572880903,29.214601836602583,96.37640364646711,12.565154899935251,62.38873769202297,23.55360452454405,0.6163428987982205,17.29057161366785,10.656921030246268,0.14381809757417366,Alto rendimiento,1
19.542465753424658,49.2,164.0,89,166.0,172,164,182.68,0.8977446901686008,18.680000000000007,1.3622407972602741,18.180224956164384,0.9459669512195122,3.0000000000000004,18.66337268274624,19.876491907124745,38.0,28.0,6.4,9.5,36.5,26.0,31.0,25.5,16.0,55.0,23.0,26.0,22.5,81.0,68.0,32.0,3,6,4,6,6,4,18.292682926829272,1.0,4.224283001469345,54.26829268292683,84.26966292134831,101.21951219512195,96.54471544715446,33.80000000000001,23.170731707317074,73.68421052631578,14.02439024390244,1.3571428571428572,76.84210526315789,28.65853658536585,66.7560975609756,28.963414634146343,22.25609756097561,15.548780487804878,9.75609756097561,2.970050944268852,6.582478831688061,13.37902201562614,9.921232406202359,20.165106516671457,21.206837810654992,43.1033288834451,5.919920418118122,12.032358573410816,46.60052041093239,94.71650490026907,60.5,5.398,0.8904843859681203,9.921232406202357,1.118873857193913,3.5718999999999994,4.185964799286573,44.76224699356089,42.096482447806316,175.7866346449984,81.48733086305042,38.7171682825121,3.3793141652942182,161.96937798382152,13.817256661176884,75.21299456919401,6.274336293856408,40.286094970136006,8.027545221822487,0.577047320806726,9.921232406202357,5.7250205790999384,0.11636220689227517,Alto rendimiento,1
25.63013698630137,73.7,170.0,89,172.0,172,164,182.68,0.9305890081015984,12.680000000000007,4.685274022723611,20.94486296357776,1.1387345,4.3352941176470585,24.396962114286982,25.982764651715634,38.0,28.0,6.4,9.5,39.0,26.0,31.0,25.5,16.0,55.0,32.0,35.0,28.0,96.0,80.0,37.0,12,12,12,22,12,10,25.50173010380623,-2.0,1.15023331295248,52.35294117647059,91.01123595505618,101.17647058823529,65.80732700135685,0.30000000000001137,22.352941176470587,73.68421052631578,18.823529411764707,1.3571428571428572,80.41237113402062,27.647058823529413,66.41176470588235,28.529411764705884,22.941176470588236,15.0,9.411764705882353,3.619645931152288,6.434055013925628,8.730061077239657,19.43005321495125,26.363708568454886,39.2286287248863,53.22744738790542,7.777564139989444,10.55300426050128,76.4899470249049,103.78554548833773,65.0,10.344999999999999,1.1046193117249898,19.43005321495125,3.69330974431963,5.017100000000003,1.104729016816549,40.55290849291878,81.48733086305042,315.8429845658663,108.94155854640236,63.41830421834274,18.069026644707677,279.17395792115866,36.66902664470763,91.2269567097998,17.71460183660257,62.38873769202297,22.174031783020258,0.6539099862488406,19.43005321495125,12.705505830603013,0.17239492307466775,Alto rendimiento,1
18.40821917808219,56.0,158.0,89,160.0,172,164,182.68,0.8649003722356032,24.680000000000007,0.9180780879139936,17.490141090168198,1.0083130804358276,3.5443037974683547,18.91777769004172,20.147433239894433,38.0,28.0,6.4,9.5,36.5,26.0,30.0,25.5,16.5,55.0,27.0,30.0,23.0,87.0,69.0,34.0,18,15,13,22,26,18,22.432302515622492,-4.0,1.6906366440547629,56.32911392405063,77.52808988764045,101.26582278481013,84.82142857142857,15.0,24.050632911392405,73.68421052631578,17.088607594936708,1.3571428571428572,76.84210526315789,29.11392405063291,66.44303797468355,30.063291139240505,23.10126582278481,16.139240506329113,10.443037974683545,0.0,6.661512434470447,11.895557918697227,21.055756406646147,37.599565011868116,28.379373730586636,50.67745309033328,6.074724061607399,10.84772153858464,62.171366633310626,111.02029755948325,56.0,14.504000000000001,0.8859401485824107,21.055756406646147,4.971939280112406,4.924500000000002,1.654103719656387,41.303420382044244,58.01197675699585,258.54720505278397,91.99155710711551,36.25666680640358,21.75530995059227,189.75649663735072,68.79070841543324,63.936247156523244,28.055309950592267,42.096482447806316,37.50141120293531,0.7932346061471647,21.055756406646143,16.702154640356593,0.2982527614349392,Alto rendimiento,1
21.301369863013697,63.4,155.0,89,157.0,172,159,180.155,0.8603702367405844,25.155,2.4688932450729126,18.832476617940785,1.0760716774193548,4.090322580645161,21.321564329608567,22.707466011033123,38.0,28.0,6.4,9.5,35.5,25.5,27.0,25.5,15.5,53.0,29.0,31.0,24.0,89.0,77.0,36.0,22,15,14,22,27,14,26.3891779396462,2.0,0.37258017986886927,57.41935483870968,74.15730337078652,101.29032258064517,68.61198738170347,2.5999999999999943,24.516129032258064,73.68421052631578,18.70967741935484,1.3571428571428572,81.60919540229885,27.741935483870968,62.5,28.06451612903226,22.903225806451612,16.451612903225808,10.0,0.0,6.676500097114064,10.530757250968556,20.45462997322126,32.262823301610815,32.93021311027138,51.94039922755738,7.313153209521613,11.534941970854279,67.37449639012831,106.26892175099103,53.75,14.698,1.1532441348535798,20.454629973221255,5.520347992815464,6.0047,-0.12186537182988033,38.87723309859306,66.92465357014198,346.63946605414804,103.13240312354819,38.82598068098564,28.098672889156347,263.26501866531544,83.3744473888326,79.47178352380719,23.660619599740997,45.83662361046586,41.98553356679965,0.7270590089399741,20.454629973221255,14.871722996564134,0.2345697633527466,Alto rendimiento,1
19.295890410958904,42.3,155.0,89,157.0,172,159,180.155,0.8603702367405844,25.155,1.1657434647812643,18.13014694617764,0.9342131612903226,2.729032258064516,18.378024196071056,19.572595768815674,38.0,28.0,6.4,9.5,35.5,25.5,27.0,25.5,15.5,54.0,20.5,22.0,21.0,76.0,59.0,30.0,10,8,4,7,20,11,17.606659729448488,-3.0,4.024041472667051,57.41935483870968,74.15730337078652,101.29032258064517,102.83687943262412,36.7,24.516129032258064,73.68421052631578,13.225806451612904,1.3571428571428572,81.60919540229885,27.741935483870968,62.5,28.06451612903226,22.903225806451612,16.451612903225808,10.0,0.0,6.676500097114064,15.783688172846487,12.922088095285725,30.548671620060816,17.987315238588753,42.52320387373228,4.526687626714632,10.701389188450667,42.11259105770317,99.55695285509024,53.75,9.46,0.788907036479857,12.922088095285723,2.4096178659369802,3.714600000000001,3.987433481849031,44.49102934678829,33.442432417184506,175.7866346449984,71.6197243913529,23.977830580581955,9.46460183660255,131.92822729858818,43.85840734641022,56.070056169063825,15.549668222289078,35.093664951762925,28.30117653684525,0.7058035280887541,12.922088095285723,9.120455367926352,0.2156136020786372,Alto rendimiento,1
20.0,62.0,154.0,89,156.0,172,159,180.155,0.8548194610196775,26.155,1.8095932467532463,18.190406753246755,1.0823875282509698,4.025974025974026,20.735593801527827,22.083407398627134,38.0,28.0,6.4,9.5,35.5,25.5,27.0,25.5,15.5,53.5,26.0,28.0,24.0,92.0,72.0,36.0,16,17,15,24,26,12,26.14268848035082,-6.0,0.38994791251992567,57.79220779220779,73.03370786516854,101.29870129870129,70.16129032258064,0.0,24.675324675324674,73.68421052631578,16.883116883116884,1.3571428571428572,81.60919540229885,27.92207792207792,62.564935064935064,28.246753246753247,23.051948051948052,16.558441558441558,10.064935064935066,0.0,6.678009415155627,10.770982927670365,19.611767097427112,31.63188241520502,31.872075377936945,51.406573190220875,6.53913499207523,10.546991922701983,64.70098688259492,104.35643045579823,53.0,14.31,1.1606015584462923,19.611767097427112,5.274064028944441,5.7166999999999994,-0.09425043798685806,38.91495841805074,53.79437076506063,315.8429845658663,103.13240312354819,35.00499006335809,18.789380701702534,239.25227615043303,76.59070841543326,82.6633764788405,20.469026644707682,45.83662361046586,34.92815406980503,0.7192353419485422,19.611767097427112,14.105476014533158,0.22750767765376062,Alto rendimiento,1
21.18904109589041,76.9,175.0,89,177.0,172,159,180.155,0.9713857511587244,5.155000000000001,2.510890809001956,18.678150286888453,1.069026772244898,4.394285714285714,21.16881826219799,22.544791449240858,38.0,28.0,6.4,9.5,35.5,25.5,27.0,25.5,15.5,57.0,29.0,32.0,27.0,104.0,87.0,35.0,24,22,21,35,27,7,25.110204081632656,-3.0,1.5872455701489834,50.857142857142854,96.62921348314607,101.14285714285714,56.5669700910273,-5.900000000000006,21.714285714285715,73.68421052631578,16.57142857142857,1.3571428571428572,81.60919540229885,24.571428571428573,61.35714285714286,24.857142857142858,20.285714285714285,14.571428571428571,8.857142857142858,3.763901242779147,6.253917148116555,8.13253205216717,30.734466328015404,39.966796265299614,40.28022111146171,52.38000144533381,8.86118964441438,11.523003438770322,89.8936954747872,116.89687317917709,68.75,15.777000000000001,0.8613977128300333,30.734466328015404,6.236276597808029,3.2988000000000035,1.547970726039864,41.15842995360637,66.92465357014198,305.89580062262286,97.4824026437859,36.64854699131129,30.276106578830692,227.92135323379026,77.9744473888326,85.61724774385065,11.865154899935249,58.01197675699585,45.23909346366521,0.8225882736897152,30.734466328015404,25.281811599536873,0.32876217944781366,Alto rendimiento,1
19.843835616438355,36.2,143.0,89,145.0,172,159,180.155,0.7937609280897006,37.155,1.3745592942619016,18.469276322176455,0.9642341674409507,2.5314685314685317,19.06464850150802,20.303850654106043,38.0,28.0,6.4,9.5,35.5,25.5,27.0,25.5,15.5,51.0,21.0,24.0,20.0,73.0,57.0,28.0,14,13,10,19,17,10,17.702577143136587,-2.0,3.1008747514261863,62.23776223776224,60.67415730337079,101.3986013986014,120.16574585635358,33.8,26.573426573426573,73.68421052631578,14.685314685314685,1.3571428571428572,81.60919540229885,30.069930069930066,63.33916083916084,30.41958041958042,24.825174825174827,17.832167832167833,10.839160839160838,0.0,6.586850280157533,18.195719005960033,13.429468014163968,37.09797793967947,16.837534524223326,46.512526310009186,4.2170803397360785,11.649393203690822,41.0709331582809,113.45561645933951,44.75,11.691,0.7786908377497228,13.429468014163968,4.472020451742462,4.999500000000001,3.0667817492642087,43.233308400634165,35.093664951762925,183.34649444186343,62.38873769202297,21.93304535202192,13.160619599741004,144.81629513408205,38.53019930778137,49.17413585542042,13.214601836602554,31.830988618379067,37.50141120293531,0.7870149264520254,13.429468014163968,10.569191781457082,0.29196662379715693,Alto rendimiento,1
21.04931506849315,44.4,150.0,89,152.0,172,159,180.155,0.8326163581360495,30.155,2.0782925452054792,18.971022523287672,0.9678285733333334,2.96,19.734576926383067,21.017324426597966,38.0,28.0,6.4,9.5,35.5,25.5,27.0,25.5,15.5,50.0,23.0,28.0,21.0,77.0,65.0,31.0,16,10,9,18,18,16,19.733333333333334,2.0,2.467298064998989,59.333333333333336,68.53932584269663,101.33333333333334,97.97297297297298,28.599999999999994,25.333333333333332,73.68421052631578,15.333333333333332,1.3571428571428572,81.60919540229885,28.666666666666668,62.833333333333336,29.0,23.666666666666668,17.0,10.333333333333334,0.0,6.667203347689541,15.016223756057526,15.491520245975325,34.890811364809295,20.76175549574588,46.760710576004236,5.455509487650293,12.287183530743903,48.37598857706104,108.95492922761497,50.0,12.079,0.8565475482673978,15.491520245975325,4.05897481599205,4.807299999999998,2.4319872092574464,42.36610274488722,42.096482447806316,215.1774830602425,76.47395015565571,25.707101746103785,16.38938070170253,170.9221731096502,44.255309950592306,53.68456945395318,22.789380701702534,35.093664951762925,38.93289830575048,0.7596460609236353,15.491520245975325,11.768072332573901,0.26504667415706984,Alto rendimiento,1
22.432876712328767,73.3,162.0,89,164.0,172,159,180.155,0.8992256667869335,18.155,3.1374058893962453,19.295470822932522,1.0746252632982776,4.5246913580246915,21.885499514555836,23.308056983001965,38.0,28.0,6.4,9.5,35.5,25.5,27.0,25.5,15.5,58.0,29.5,33.0,25.0,80.0,79.0,38.0,25,19,15,20,27,21,27.930193568053642,13.0,0.2980132718600288,54.93827160493827,82.02247191011236,101.23456790123457,59.34515688949523,8.699999999999989,23.45679012345679,73.68421052631578,18.209876543209877,1.3571428571428572,81.60919540229885,26.543209876543212,62.0679012345679,26.85185185185185,21.91358024691358,15.74074074074074,9.567901234567902,0.0,6.616297586675834,9.02632685767508,24.54933217280305,33.4915855017777,32.14884570128401,43.859271079514336,7.622760496500167,10.399400404502275,70.93723595726306,96.77658384346938,59.0,15.959000000000001,1.146662278296108,24.54933217280305,5.9961340431069985,5.334600000000002,-0.2408421104432108,38.71469657043277,69.25229461286096,346.63946605414804,114.90986891234844,37.28603313409501,31.966261478765958,263.26501866531544,83.3744473888326,78.47347481293117,36.43639409941727,49.735919716217296,46.159136902922846,0.7422956602220434,24.54933217280305,18.222862733221092,0.24860658571925093,Alto rendimiento,1
23.643835616438356,68.5,173.0,89,175.0,172,159,180.155,0.9602841997169105,7.155000000000001,3.62166331841001,20.022172298028345,1.0391959116575897,3.959537572254335,22.03296605188493,23.46510884525745,38.0,28.0,6.4,9.5,35.5,25.5,27.0,25.5,15.5,54.0,29.0,33.5,26.0,96.0,80.0,36.0,10,11,9,19,10,11,22.887500417655115,-2.0,2.413614280133231,51.445086705202314,94.3820224719101,101.15606936416187,63.503649635036496,8.5,21.965317919075144,73.68421052631578,16.76300578034682,1.3571428571428572,81.60919540229885,24.85549132947977,61.459537572254334,25.14450867052023,20.520231213872833,14.739884393063583,8.959537572254336,3.5536025907619373,6.332329582556946,9.244276762856856,18.49393192676975,26.998440769006937,35.13065873950886,51.2856331963633,7.777564139989444,11.354108233561231,71.28808697958694,104.07019997019991,67.25,9.375,0.9657937672767795,18.49393192676975,3.007614359630944,3.9206000000000003,2.3743377312943146,42.28734662745125,66.92465357014198,258.54720505278397,103.13240312354819,53.21005173353944,13.714601836602547,230.8326032161814,27.714601836602554,84.28273490125909,18.849668222289097,53.79437076506063,20.49260041701767,0.661780665535686,18.49393192676975,12.238926578869359,0.1786704610053921,Alto rendimiento,1
,59.8,176.0,89,178.0,172,159,180.155,0.9769365268796314,4.155000000000001,-8.18811250909091,8.18811250909091,0.9413515166580578,3.397727272727273,8.52515036027912,9.079285133697264,38.0,28.0,6.4,9.5,35.5,25.5,27.0,25.5,15.5,55.0,24.0,27.0,24.0,87.0,73.0,33.0,6,7,5,6,5,4,19.305268595041323,0.0,4.409995370787215,50.56818181818182,97.75280898876404,101.13636363636364,72.74247491638796,29.19999999999999,21.59090909090909,73.68421052631578,13.636363636363635,1.3571428571428572,81.60919540229885,24.431818181818183,61.30681818181818,24.71590909090909,20.170454545454547,14.488636363636363,8.806818181818182,0.0,6.211465967199316,10.387066834781466,12.600070628667421,21.070352221851874,26.7805121470488,44.78346512884415,6.693938635564506,11.193877316997503,52.285987378480044,87.43476150247498,69.5,5.786,0.8657716195847478,12.60007062866742,1.6086240696460758,2.2925000000000004,4.369531529192038,45.01302121474322,45.83662361046586,232.0479070279834,86.65986651353701,38.919366949288936,6.917256661176921,218.74425656883275,13.303650459150646,80.1855302196806,6.47433629385641,45.83662361046586,15.091112992880888,0.5882723675509632,12.60007062866742,7.412273380035536,0.123951059866815,Alto rendimiento,1
,69.3,157.0,89,159.0,172,159,180.155,0.8714717881823985,23.155,-7.981631680254777,7.981631680254777,1.1497540979350076,4.414012738853502,11.330394986073756,12.066870660168549,38.0,28.0,6.4,9.5,35.5,25.5,27.0,25.5,15.5,55.0,27.0,30.0,26.0,90.0,86.0,37.0,22,18,17,21,26,17,28.114730820722947,10.0,0.07215278315609197,56.68789808917197,76.40449438202246,101.27388535031847,62.770562770562776,-2.3000000000000114,24.203821656050955,73.68421052631578,17.197452229299362,1.3571428571428572,81.60919540229885,27.388535031847134,62.37261146496815,27.70700636942675,22.611464968152866,16.24203821656051,9.872611464968152,0.0,6.668273713317697,9.622328590646028,22.04796752368357,31.815248951924342,33.5560569912238,48.4214386597746,8.706386000925104,12.563327562662488,70.97868422915018,102.42234376500747,55.25,15.377,1.221016510697232,22.047967523683567,5.981188324832515,5.479400000000002,-0.5969952384066346,38.2281485814117,58.01197675699585,336.2148172816289,108.94155854640236,32.113303867839505,25.898672889156344,257.0241088661956,79.19070841543328,79.76135923862098,29.18019930778138,53.79437076506063,44.64366556175513,0.7215090870038618,22.047967523683567,15.907808918303727,0.22954991224103505,Alto rendimiento,1
